symbol,rating,sector,label,,,,
pih,0.12,0,0,,,,
turn,0.25,0,0,,,,
flws,0.19,1,0,,,,
fccy,0.03,0,0,,,,
srce,0.96,0,0,,,,
vnet,0.06,2,1,,,,
twou,0.90,2,0,,,,
jobs,0.17,2,1,,,,
cafd,0.79,3,0,,,,
eght,0.52,3,0,,,,
avhi,0.72,4,1,,,,
shlm,0.62,5,0,,,,
aaon,0.37,4,1,,,,
abax,0.62,4,1,,,,
abeo,0.79,6,0,,,,
abeow,0.94,6,1,,,,
abil,0.20,0,0,,,,
abmd,0.40,6,0,,,,
ablx,0.39,6,0,,,,
axas,0.44,7,1,,,,
aciu,0.10,6,0,,,,
acia,0.45,2,1,,,,
actg,0.70,8,0,,,,
achc,0.07,6,1,,,,
acad,0.63,6,0,,,,
acst,0.21,6,0,,,,
axdx,0.47,4,0,,,,
xlrn,0.98,6,0,,,,
ancx,0.60,0,1,,,,
aray,0.87,6,1,,,,
acrx,0.62,6,1,,,,
acer,0.15,6,1,,,,
acerw,0.75,6,1,,,,
acet,0.35,6,1,,,,
akao,0.36,6,1,,,,
achv,0.94,6,0,,,,
achn,0.44,6,0,,,,
aciw,0.02,2,0,,,,
acrs,0.64,6,1,,,,
acmr,0.09,2,0,,,,
acnb,0.54,0,1,,,,
acor,0.49,6,1,,,,
sqzz,0.24,0,1,,,,
atvi,0.81,2,1,,,,
acta,0.05,2,0,,,,
acxm,0.54,2,1,,,,
adms,0.02,6,0,,,,
admp,0.42,6,0,,,,
adap,0.94,6,0,,,,
adus,0.90,6,0,,,,
aey,0.85,1,1,,,,
iots,0.69,2,0,,,,
adma,0.54,6,1,,,,
adbe,0.07,2,0,,,,
adom,0.64,4,1,,,,
adtn,0.46,3,0,,,,
adro,0.00,6,0,,,,
aaap,0.38,6,1,,,,
ades,0.10,5,1,,,,
aeis,0.43,4,1,,,,
amd,0.56,2,1,,,,
adxs,0.72,6,1,,,,
adxsw,0.60,6,0,,,,
advm,0.13,6,0,,,,
aegn,0.03,5,0,,,,
agle,0.26,6,1,,,,
aehr,0.34,4,0,,,,
amtx,0.33,5,1,,,,
aeri,0.69,6,0,,,,
avav,0.86,4,1,,,,
aezs,0.64,6,0,,,,
aemd,0.94,4,0,,,,
gnmx,0.81,6,1,,,,
afmd,0.89,6,0,,,,
agen,0.51,6,1,,,,
agrx,0.91,6,1,,,,
agys,0.45,2,1,,,,
agio,0.86,6,1,,,,
agnc,0.33,1,0,,,,
agncb,0.31,1,0,,,,
agncn,0.96,1,1,,,,
agfs,0.22,0,1,,,,
agfsw,0.59,0,0,,,,
alrn,0.48,6,1,,,,
aimt,0.20,6,1,,,,
airt,0.04,9,1,,,,
atsg,0.69,9,1,,,,
airg,0.37,2,0,,,,
amcn,0.21,2,1,,,,
akam,0.45,8,0,,,,
aktx,0.81,6,0,,,,
akca,0.53,6,1,,,,
akba,0.09,6,1,,,,
aker,0.03,6,0,,,,
akrx,0.14,6,1,,,,
akts,0.34,3,1,,,,
alrm,0.63,2,1,,,,
alsk,0.77,3,0,,,,
albo,0.89,6,0,,,,
abdc,0.73,0,1,,,,
aldr,0.64,6,0,,,,
aldx,0.54,6,1,,,,
alxn,0.13,6,0,,,,
alco,0.18,10,0,,,,
algn,0.12,6,1,,,,
alim,0.38,6,1,,,,
aljj,0.34,8,0,,,,
alks,0.14,6,0,,,,
abtx,0.47,0,0,,,,
algt,0.37,9,0,,,,
alna,0.51,6,1,,,,
ahgp,0.11,7,1,,,,
amma,0.33,1,0,,,,
arlp,0.37,7,1,,,,
ahpi,0.08,6,1,,,,
amot,0.68,4,0,,,,
alqa,0.64,6,0,,,,
allt,0.45,2,1,,,,
mdrx,0.74,2,0,,,,
afam,0.64,6,1,,,,
alny,0.86,6,0,,,,
aosl,0.23,2,0,,,,
goog,0.29,2,0,,,,
googl,0.99,2,0,,,,
smcp,0.38,0,1,,,,
atec,0.23,6,1,,,,
alpn,0.67,6,0,,,,
swin,0.49,0,0,,,,
aaba,0.90,2,0,,,,
altr,0.62,2,1,,,,
alt,0.07,6,0,,,,
asps,0.91,1,1,,,,
aimc,0.92,4,1,,,,
amag,0.50,6,1,,,,
amrn,0.15,6,0,,,,
amrk,0.61,5,0,,,,
amzn,0.65,1,1,,,,
ambc,0.45,0,1,,,,
ambcw,0.16,0,0,,,,
amba,0.81,2,1,,,,
amcx,0.93,1,1,,,,
dox,0.70,2,0,,,,
amda,0.87,6,0,,,,
amed,0.83,6,0,,,,
uhal,0.70,1,0,,,,
amrh,0.58,2,0,,,,
amrhw,0.60,2,0,,,,
atax,0.28,0,0,,,,
amov,0.83,3,0,,,,
aal,0.42,9,1,,,,
acsf,0.55,0,1,,,,
aeti,0.55,7,0,,,,
amnb,0.83,0,0,,,,
anat,0.39,0,0,,,,
aobc,0.14,4,0,,,,
apei,0.32,1,0,,,,
arii,0.94,4,1,,,,
amrb,0.39,0,1,,,,
amswa,0.61,2,1,,,,
amsc,0.22,11,1,,,,
amwd,0.38,5,0,,,,
crmt,0.57,11,0,,,,
abcb,0.75,0,1,,,,
amsf,0.01,0,0,,,,
asrv,0.60,0,0,,,,
asrvp,0.39,0,0,,,,
atlo,0.57,0,0,,,,
amgn,0.65,6,0,,,,
fold,0.93,6,1,,,,
amkr,0.04,2,1,,,,
amph,0.29,6,0,,,,
ibuy,0.58,0,0,,,,
asys,0.77,2,0,,,,
afsi,0.45,0,0,,,,
amrs,0.07,5,1,,,,
adi,0.37,2,0,,,,
alog,0.58,4,1,,,,
anab,0.34,6,1,,,,
avxl,0.16,6,0,,,,
ancb,0.15,0,1,,,,
anda,0.79,0,1,,,,
andar,0.82,0,0,,,,
andau,0.79,0,1,,,,
andaw,0.19,0,0,,,,
angi,0.89,1,1,,,,
ango,0.35,6,1,,,,
anip,0.83,6,1,,,,
anik,0.20,6,1,,,,
anss,0.54,2,1,,,,
atrs,0.97,6,1,,,,
anth,0.96,6,1,,,,
apls,0.59,6,1,,,,
apog,0.12,4,0,,,,
apen,0.01,6,1,,,,
ainv,0.46,0,1,,,,
appf,0.27,2,1,,,,
appn,0.41,2,1,,,,
aapl,0.35,2,0,,,,
arci,0.91,1,1,,,,
apdn,0.82,1,0,,,,
apdnw,0.00,1,1,,,,
agtc,0.52,6,1,,,,
amat,0.21,2,0,,,,
aaoi,0.75,2,0,,,,
arex,0.73,7,0,,,,
apti,0.40,2,1,,,,
apri,0.88,6,1,,,,
apvo,0.21,6,0,,,,
apto,0.48,6,0,,,,
aqms,0.81,5,0,,,,
aqb,0.95,0,0,,,,
aqxp,0.56,6,0,,,,
ardm,0.19,6,1,,,,
arlz,0.29,6,1,,,,
petx,0.78,6,0,,,,
abus,0.88,6,0,,,,
arcw,0.62,4,1,,,,
abio,0.88,6,0,,,,
rkda,0.65,5,1,,,,
arcb,0.06,9,0,,,,
acgl,0.87,0,0,,,,
acglo,0.40,0,1,,,,
acglp,0.67,0,1,,,,
aplp,0.79,3,1,,,,
fuv,0.78,10,0,,,,
arct,0.67,0,0,,,,
ardx,0.61,6,0,,,,
arna,0.30,6,1,,,,
arcc,0.30,0,1,,,,
argx,0.42,6,0,,,,
agii,0.34,0,0,,,,
agiil,0.69,0,0,,,,
args,1.00,6,1,,,,
arkr,0.16,1,1,,,,
artx,0.98,8,0,,,,
arql,0.91,6,1,,,,
arry,0.67,6,1,,,,
arrs,0.47,2,0,,,,
dwat,0.08,0,0,,,,
arow,0.38,0,0,,,,
arwr,0.52,6,1,,,,
asns,0.17,6,1,,,,
artna,0.17,3,0,,,,
artw,0.89,4,0,,,,
asna,0.86,1,1,,,,
asnd,0.44,6,1,,,,
ascma,0.85,1,1,,,,
apwc,0.54,5,1,,,,
asml,0.70,2,1,,,,
aspu,0.32,1,1,,,,
azpn,0.26,2,1,,,,
asmb,0.06,6,1,,,,
asfi,0.30,0,0,,,,
aste,0.94,4,0,,,,
atro,0.19,4,0,,,,
alot,0.90,2,0,,,,
astc,0.62,4,0,,,,
asur,0.05,2,0,,,,
asv,0.36,4,1,,,,
atai,0.77,1,1,,,,
atra,0.91,6,1,,,,
athn,0.81,8,1,,,,
atnx,0.46,6,0,,,,
athx,0.40,6,0,,,,
atac,0.03,0,0,,,,
atacr,0.71,0,1,,,,
atacu,0.94,0,0,,,,
aame,0.42,0,1,,,,
acbi,0.73,0,0,,,,
acfc,0.93,0,1,,,,
ay,0.48,3,0,,,,
atlc,0.72,0,1,,,,
aaww,0.41,9,1,,,,
afh,0.27,0,0,,,,
afhbl,0.36,0,1,,,,
team,0.26,2,0,,,,
atni,0.94,3,0,,,,
atom,0.64,2,1,,,,
atos,0.94,6,1,,,,
atrc,0.26,6,1,,,,
atri,0.30,6,1,,,,
attu,0.63,2,1,,,,
life,0.63,6,0,,,,
aubn,0.44,0,0,,,,
bold,0.03,6,1,,,,
audc,0.53,3,1,,,,
auph,0.18,6,0,,,,
ears,0.19,6,1,,,,
adsk,0.12,2,0,,,,
adp,0.95,2,0,,,,
auto,0.28,2,0,,,,
avdl,0.74,6,0,,,,
atxi,0.46,6,1,,,,
aveo,0.49,6,1,,,,
avxs,0.82,6,0,,,,
avnw,0.05,2,1,,,,
avid,0.55,2,0,,,,
avgr,0.81,6,0,,,,
avir,0.10,6,0,,,,
car,0.09,1,0,,,,
ahpa,0.16,0,1,,,,
ahpau,0.24,0,1,,,,
ahpaw,0.34,0,1,,,,
awre,0.12,2,0,,,,
acls,0.09,2,1,,,,
axgn,0.50,6,1,,,,
aaxn,0.66,4,1,,,,
axon          ,0.52,6,0,,,,
axsm,0.20,6,1,,,,
axti,0.22,2,1,,,,
aytu,0.38,6,1,,,,
azrx,0.11,6,0,,,,
bcom,0.44,1,1,,,,
rily,0.97,8,0,,,,
rilyl,0.68,8,1,,,,
rilyz,0.99,8,0,,,,
bosc,0.70,2,1,,,,
bidu,0.62,2,1,,,,
bcpc,0.58,5,1,,,,
bwina,0.12,0,0,,,,
bwinb,1.00,0,1,,,,
bldp,0.75,7,1,,,,
banf,0.06,0,1,,,,
banfp,0.38,0,1,,,,
bctf,0.82,0,0,,,,
band,0.27,2,1,,,,
bkmu,0.13,0,0,,,,
boch,0.22,0,1,,,,
bmrc,0.70,0,0,,,,
bmlp,0.96,0,0,,,,
bksc,0.21,0,1,,,,
botj,0.32,0,0,,,,
ozrk,0.81,0,0,,,,
bfin,0.83,0,0,,,,
bwfg,0.31,0,0,,,,
banr,0.06,0,1,,,,
bzun,0.43,1,0,,,,
tapr,0.95,0,1,,,,
dlbl,0.16,0,0,,,,
dtyl,0.61,0,1,,,,
bhac,0.78,0,1,,,,
bhacr,0.29,0,0,,,,
bhacu,0.90,0,1,,,,
bhacw,0.57,0,1,,,,
bbsi,0.09,2,1,,,,
bset,0.12,11,1,,,,
bybk,0.59,0,1,,,,
bv,0.74,2,0,,,,
bcbp,0.10,0,0,,,,
becn,0.31,1,0,,,,
bsf,0.17,0,0,,,,
bbgi,0.08,1,0,,,,
bebe,0.30,10,1,,,,
bbby,0.32,1,1,,,,
bgne,0.64,6,1,,,,
belfa,0.80,4,0,,,,
belfb,0.71,4,0,,,,
blph,0.04,6,1,,,,
blcm,0.43,6,1,,,,
bncl,0.76,0,0,,,,
bnft,0.55,2,1,,,,
bntc,0.74,6,0,,,,
bntcw,0.81,6,1,,,,
bysi,0.57,6,0,,,,
bgcp,0.46,0,1,,,,
bgfv,0.77,1,0,,,,
brpa,0.16,0,0,,,,
brpar,0.83,0,0,,,,
brpau,0.57,0,0,,,,
brpaw,0.76,0,0,,,,
basi,0.69,6,0,,,,
orpn,0.38,6,1,,,,
bioc,0.29,6,1,,,,
bcrx,0.73,6,1,,,,
bdsi,0.69,6,1,,,,
biib,0.88,6,1,,,,
bkyi,0.37,2,1,,,,
biol,0.96,6,1,,,,
blfs,0.81,6,0,,,,
blrx,0.68,6,1,,,,
bmrn,0.15,6,1,,,,
bmra,0.96,6,0,,,,
bvxv,0.27,6,1,,,,
bvxvw,0.99,6,1,,,,
bpth,0.10,6,1,,,,
bios,0.57,6,0,,,,
bstc,0.95,6,1,,,,
bspm,0.64,6,1,,,,
tech,0.74,6,0,,,,
beat,0.52,6,0,,,,
bivv,1.00,6,1,,,,
bcac,0.69,0,1,,,,
bcacr,0.88,0,1,,,,
bcacu,0.67,0,0,,,,
bcacw,0.64,0,1,,,,
bjri,0.23,1,1,,,,
bbox,0.44,2,1,,,,
brac,0.34,0,0,,,,
bracr,1.00,0,0,,,,
bracu,0.47,0,1,,,,
bracw,0.86,0,0,,,,
blkb,0.12,2,1,,,,
hawk,0.36,0,0,,,,
bl,0.96,2,0,,,,
bkcc,0.58,0,0,,,,
adra,0.15,0,0,,,,
adrd,0.75,0,1,,,,
adre,0.37,0,0,,,,
adru,0.61,0,0,,,,
blmn,0.49,1,0,,,,
bcor,0.87,0,0,,,,
blbd,0.17,4,0,,,,
buff,0.35,10,1,,,,
bhbk,0.11,0,0,,,,
blue,0.34,6,0,,,,
bkep,0.07,7,0,,,,
bkepp,0.71,7,1,,,,
bpmc,0.20,6,0,,,,
bmch,0.31,1,0,,,,
bobe,0.73,1,0,,,,
bofi,0.63,0,1,,,,
bofil,0.99,0,1,,,,
wifi,0.44,1,0,,,,
boja,0.21,1,1,,,,
bokf,0.14,0,1,,,,
bokfl,0.76,0,0,,,,
bnso,0.35,4,0,,,,
brqs,0.81,0,0,,,,
brqsw,0.87,0,1,,,,
bomn,0.05,0,0,,,,
bpfh,0.67,0,1,,,,
bpfhp,0.85,0,1,,,,
bpfhw,0.31,0,1,,,,
epay,0.27,2,1,,,,
blvd,0.29,0,0,,,,
blvdu,0.16,0,1,,,,
blvdw,0.66,0,1,,,,
boxl,0.72,0,1,,,,
bcli,0.89,6,1,,,,
bbrg,0.33,1,0,,,,
bdge,0.84,0,0,,,,
blin          ,0.66,2,0,,,,
brid,0.49,10,0,,,,
bcov,0.68,2,1,,,,
bhf,0.75,0,1,,,,
avgo,0.36,2,0,,,,
bsft,0.51,2,1,,,,
bvsn,0.15,2,0,,,,
byfc,0.72,0,1,,,,
bwen,0.68,4,0,,,,
bpy,0.23,0,1,,,,
brkl,0.29,0,1,,,,
brks,0.93,2,1,,,,
brkr,0.99,4,0,,,,
bmtc,0.79,0,0,,,,
blmt,0.22,0,0,,,,
bsqr,0.48,8,1,,,,
bwld,0.19,1,0,,,,
bldr,0.17,1,0,,,,
bur,0.73,10,1,,,,
cffi,0.59,0,0,,,,
chrw,0.07,9,0,,,,
ca,0.91,2,1,,,,
ccmp,0.37,2,0,,,,
cdns,0.96,2,1,,,,
cdzi,0.22,3,1,,,,
czr,0.21,1,1,,,,
cste,0.79,4,1,,,,
prss,0.04,1,1,,,,
clbs,0.17,6,0,,,,
chy,0.94,0,1,,,,
chi,0.40,0,0,,,,
ccd,0.98,0,0,,,,
chw,0.05,0,0,,,,
cgo,0.06,0,1,,,,
csq,0.64,0,0,,,,
camp,0.89,2,0,,,,
cvgw,0.86,10,0,,,,
cala,0.41,6,0,,,,
cald,0.65,2,0,,,,
calm,0.47,10,1,,,,
clmt,0.52,7,1,,,,
clxt,0.16,5,0,,,,
abcd,0.56,1,0,,,,
catc,0.54,0,0,,,,
cac,0.02,0,1,,,,
camt,0.03,4,1,,,,
csiq,0.44,2,1,,,,
cgix,0.37,6,0,,,,
cphc,0.99,1,0,,,,
cpla,0.15,1,0,,,,
ccbg,0.39,0,1,,,,
cplp,0.46,9,0,,,,
cswc,0.67,10,0,,,,
cpta,0.11,0,1,,,,
cptag,0.71,0,1,,,,
cptal,0.74,0,0,,,,
cffn,0.42,0,1,,,,
capr,0.19,6,0,,,,
cstr,0.66,0,0,,,,
cpst,0.43,7,0,,,,
cara,0.52,6,0,,,,
carb,0.88,2,1,,,,
crme,0.03,6,0,,,,
csii,0.80,6,1,,,,
catm,0.82,8,0,,,,
cdna,0.89,6,1,,,,
ceco,0.41,1,0,,,,
ctre,0.38,1,0,,,,
carg,0.17,2,0,,,,
caro,0.55,0,1,,,,
cart,0.88,0,1,,,,
crzo,0.26,7,0,,,,
tast,0.65,1,0,,,,
carv,0.40,0,0,,,,
casm,0.01,6,0,,,,
casc,0.45,6,1,,,,
cwst,0.30,3,0,,,,
casy,0.57,11,1,,,,
casi,0.74,6,0,,,,
cass,0.58,8,1,,,,
catb,0.21,6,1,,,,
cbio,0.90,6,0,,,,
cprx,0.93,6,1,,,,
cats,0.17,6,1,,,,
caty,0.41,0,0,,,,
catyw,0.63,0,0,,,,
cvco,0.12,5,1,,,,
cavm,0.71,2,1,,,,
cbfv,0.06,0,0,,,,
cbak,0.72,8,1,,,,
cboe,0.28,0,1,,,,
cbtx,0.42,0,1,,,,
cdk,0.30,8,0,,,,
cdw,0.85,1,1,,,,
cece,0.09,4,1,,,,
celc,0.68,6,0,,,,
celg,0.23,6,1,,,,
celgz,0.30,6,1,,,,
cldx,0.68,6,1,,,,
apop,0.17,0,0,,,,
apopw,0.24,0,0,,,,
clrb,0.11,6,1,,,,
clrbw,0.21,6,0,,,,
clrbz,0.74,6,1,,,,
clls,0.24,6,0,,,,
cbmg,0.10,6,0,,,,
clsn,0.97,6,0,,,,
celh,0.02,10,0,,,,
cyad,0.14,6,0,,,,
cetx,0.51,4,0,,,,
cetxp,0.27,4,1,,,,
cetxw,0.45,4,0,,,,
cdev,0.57,7,1,,,,
csfl,0.49,0,1,,,,
cetv,0.47,1,0,,,,
cfbk,0.88,0,0,,,,
cent,0.92,11,1,,,,
centa,0.26,11,1,,,,
cvcy,0.83,0,1,,,,
cenx,0.48,5,1,,,,
cnbka,0.87,0,1,,,,
cnty,0.85,1,0,,,,
cvo,0.72,11,0,,,,
crnt,0.50,2,0,,,,
cerc,0.47,6,0,,,,
cercw,0.38,6,1,,,,
cern,0.90,2,0,,,,
cers,0.54,6,1,,,,
kool,0.79,4,1,,,,
ceva,0.18,2,0,,,,
csbr,0.10,6,0,,,,
cyou,0.01,2,1,,,,
burg,0.88,1,0,,,,
cthr,0.35,11,1,,,,
gtls,0.00,4,0,,,,
chtr,0.52,1,0,,,,
chfn,0.90,0,0,,,,
chkp,0.49,2,1,,,,
chek,0.40,6,0,,,,
chekw,0.15,6,1,,,,
ckpt,0.61,6,1,,,,
cemi,0.42,6,1,,,,
chfc,0.84,0,1,,,,
ccxi,0.96,6,1,,,,
chmg,0.51,0,1,,,,
chke,0.96,10,1,,,,
chfs,0.12,6,1,,,,
chma,0.27,6,0,,,,
csse,0.78,1,0,,,,
plce,0.73,1,0,,,,
cmrx,0.69,6,0,,,,
cadc,0.59,5,0,,,,
cali,0.71,1,0,,,,
caas,0.40,4,0,,,,
cbpo,0.31,6,0,,,,
cccl,0.29,4,1,,,,
cccr,0.32,0,1,,,,
ccrc,0.53,8,0,,,,
jrjc,0.16,0,0,,,,
hgsh,0.91,0,1,,,,
cnit,0.61,2,1,,,,
cifs,0.54,1,1,,,,
cjjd,0.47,11,0,,,,
cldc,0.18,0,1,,,,
htht,0.58,1,1,,,,
chnr,0.27,5,0,,,,
creg,0.81,8,0,,,,
cntf,0.54,0,1,,,,
cxdc,0.87,4,1,,,,
ccih,0.60,2,1,,,,
cnet,0.01,2,1,,,,
imos,0.37,2,0,,,,
cdxc,0.59,11,0,,,,
chscl,0.37,1,1,,,,
chscm,0.09,1,1,,,,
chscn,0.37,1,0,,,,
chsco,0.07,1,1,,,,
chscp,0.24,1,1,,,,
chdn,0.80,1,1,,,,
chuy,0.42,1,1,,,,
cdtx,0.32,6,1,,,,
cmct,0.63,1,0,,,,
cmctp,0.24,1,0,,,,
cmpr,0.82,8,1,,,,
cinf,0.92,0,1,,,,
cidm,0.44,1,0,,,,
ctas,0.22,10,1,,,,
crus,0.45,2,1,,,,
csco,0.72,2,0,,,,
ctrn,0.24,1,1,,,,
ctxr,0.61,6,0,,,,
ctxrw,0.55,6,0,,,,
cznc,0.25,0,1,,,,
czwi,0.29,0,1,,,,
czfc,0.63,0,0,,,,
cizn,0.53,0,0,,,,
ctxs,0.53,2,1,,,,
chco,0.21,0,0,,,,
civb,0.07,0,1,,,,
civbp,0.06,0,0,,,,
clar,0.76,10,0,,,,
cdti,0.30,4,1,,,,
clne,0.99,3,0,,,,
clnt,0.70,2,1,,,,
cacg,0.68,0,0,,,,
ylde,0.65,0,1,,,,
lrge,0.91,0,1,,,,
clfd,0.07,3,1,,,,
clro,0.98,3,1,,,,
clsd,0.73,6,1,,,,
clir,0.82,4,1,,,,
clirw,1.00,4,1,,,,
cmta,0.61,6,1,,,,
cbli,0.89,6,0,,,,
csbk,0.24,0,0,,,,
clvs,0.74,6,0,,,,
cmfn,0.89,0,1,,,,
cmss,0.97,0,1,,,,
cmssr,0.18,0,1,,,,
cmssu,0.78,0,1,,,,
cmssw,0.50,0,1,,,,
cme,0.49,0,1,,,,
ccne,0.12,0,0,,,,
cway,0.92,0,1,,,,
cobz,0.87,0,0,,,,
coke,0.03,10,0,,,,
coda,0.22,4,1,,,,
cdxs,0.33,5,0,,,,
codx,0.84,6,1,,,,
cvly,0.89,0,1,,,,
jva,0.66,10,1,,,,
ccoi,0.03,1,1,,,,
cgnt,0.48,6,0,,,,
cogt,0.56,1,0,,,,
cgnx,0.59,4,0,,,,
ctsh,0.27,2,0,,,,
cohr,0.39,4,0,,,,
chrs,0.13,6,0,,,,
cohu,0.55,4,0,,,,
clct,0.04,8,1,,,,
coll,0.90,6,0,,,,
cigi,0.51,0,1,,,,
cban,0.57,0,1,,,,
colb,0.26,0,0,,,,
colm,0.29,10,0,,,,
cmco,0.40,4,1,,,,
cmcsa,0.42,1,1,,,,
cbsh,0.03,0,0,,,,
cbshp,0.23,0,1,,,,
cubn,0.46,0,0,,,,
chuba,0.16,2,1,,,,
chubk,0.61,2,0,,,,
cvgi,0.61,4,1,,,,
comm,0.33,2,0,,,,
jcs,0.60,3,0,,,,
esxb,0.79,0,0,,,,
cfbi,0.43,0,1,,,,
cyhhz,0.56,6,1,,,,
ctbi,0.77,0,0,,,,
cwbc,0.17,0,1,,,,
cvlt,0.72,2,0,,,,
cgen,0.35,6,0,,,,
cpsi,0.33,2,0,,,,
ctg,0.56,2,1,,,,
chci,0.73,4,0,,,,
cmtl,0.44,2,1,,,,
cnat,0.74,6,1,,,,
cnce,0.86,6,0,,,,
cxrx,0.69,6,1,,,,
ccur,0.34,2,1,,,,
cdor,0.42,1,0,,,,
cfms,0.24,6,1,,,,
cnfr,0.17,0,1,,,,
cnmd,0.03,6,0,,,,
ctws,0.35,3,0,,,,
cnob,0.14,0,0,,,,
conn,0.06,1,0,,,,
cnsl,0.53,3,1,,,,
cwco,0.97,3,0,,,,
cnac,0.49,0,0,,,,
cnacr,0.70,0,1,,,,
cnacu,0.04,0,1,,,,
cnacw,0.18,0,1,,,,
cpss,0.21,0,1,,,,
cfrx,0.68,6,0,,,,
ctrv,0.64,6,0,,,,
ctrl,0.98,4,1,,,,
cprt,0.18,11,0,,,,
crbp,0.02,6,0,,,,
cort,0.61,6,0,,,,
core,0.17,10,1,,,,
cori,0.44,6,1,,,,
csod,0.95,2,0,,,,
crvl,0.88,0,1,,,,
crvs,0.67,6,0,,,,
csgp,0.78,8,0,,,,
cost,0.85,1,1,,,,
cpah,0.40,2,0,,,,
icbk,0.99,0,1,,,,
coup,0.53,2,1,,,,
cvti,0.10,9,1,,,,
cown,0.05,0,1,,,,
cownl,0.19,0,1,,,,
pmts,0.33,0,1,,,,
cpsh,0.29,4,1,,,,
crai,0.08,8,1,,,,
cbrl,0.88,1,1,,,,
brew,0.65,10,0,,,,
cray,0.85,2,1,,,,
cacc,0.38,0,1,,,,
usoi,0.47,0,0,,,,
cree,0.40,2,0,,,,
cresy,0.20,0,1,,,,
crsp,0.18,6,1,,,,
crto,0.50,2,0,,,,
crox,0.56,10,1,,,,
ccrn,0.10,2,0,,,,
crws,0.95,5,0,,,,
cyrx,0.47,9,1,,,,
cyrxw,0.54,9,0,,,,
csgs,0.59,2,1,,,,
cclp,0.31,7,0,,,,
cspi,0.81,2,0,,,,
cswi,0.41,5,1,,,,
csx,0.34,9,1,,,,
ctic,1.00,6,1,,,,
ctib,0.46,5,1,,,,
ctrp,0.67,8,0,,,,
cui,1.00,10,1,,,,
cpix,0.20,6,1,,,,
cris,0.13,6,0,,,,
cutr,0.16,6,0,,,,
cvbf,0.20,0,1,,,,
cvv,0.52,2,1,,,,
cyan,0.38,11,1,,,,
cybr,0.15,2,0,,,,
cybe,0.58,4,1,,,,
cycc,0.72,6,0,,,,
cyccp,0.53,6,0,,,,
cbay,0.60,6,1,,,,
cy,0.81,2,1,,,,
cyrn,0.84,2,1,,,,
cone,0.89,1,0,,,,
cytk,0.87,6,1,,,,
ctmx,0.82,6,0,,,,
cytx,0.55,6,1,,,,
cytxw,0.86,6,0,,,,
ctso,0.11,6,1,,,,
cytr,0.73,6,0,,,,
djco,0.50,1,0,,,,
dakt,0.56,11,1,,,,
dare,0.56,6,0,,,,
drio,0.17,6,0,,,,
driow,0.29,6,1,,,,
dzsi,0.12,3,0,,,,
dske,0.45,1,0,,,,
dskew,0.47,1,1,,,,
daio,0.12,4,1,,,,
dwch,0.51,2,0,,,,
play,0.42,1,0,,,,
dtea,0.10,10,0,,,,
dfnl,0.33,0,0,,,,
dusa,0.64,0,1,,,,
dwld,0.55,0,0,,,,
dwsn,0.63,7,0,,,,
dbvt,0.45,6,1,,,,
dcph,0.91,6,0,,,,
dfrg,0.41,1,1,,,,
taco,0.28,1,1,,,,
tacow,0.91,1,1,,,,
dmpi,0.44,6,1,,,,
delt,0.86,5,1,,,,
deltw,0.03,5,1,,,,
denn,0.68,1,0,,,,
xray,0.57,6,0,,,,
depo,0.45,6,1,,,,
derm,0.29,6,1,,,,
dest,0.02,1,0,,,,
dxlg,0.29,1,1,,,,
dswl,0.94,10,1,,,,
dtrm,0.76,2,0,,,,
rndm,0.02,0,0,,,,
dxcm,0.65,6,0,,,,
dxtr,0.95,6,0,,,,
dhxm,0.46,0,1,,,,
dhil,0.41,0,0,,,,
fang,0.49,7,0,,,,
dcix,0.57,9,1,,,,
drna,0.27,6,0,,,,
dfbg,0.69,10,1,,,,
dffn,0.24,6,1,,,,
dgii,0.76,2,1,,,,
dmrc,0.91,2,0,,,,
drad,0.82,6,1,,,,
dgly,0.00,2,1,,,,
apps,0.95,8,1,,,,
dcom,0.17,0,1,,,,
diod,0.31,2,0,,,,
disca,0.02,1,1,,,,
discb,0.93,1,0,,,,
disck,0.01,1,1,,,,
dish,0.22,1,1,,,,
dvcr,0.32,6,1,,,,
sauc,0.82,1,0,,,,
dlhc,0.96,2,1,,,,
boom,0.82,4,1,,,,
dnbf,0.41,0,1,,,,
dltr,0.32,1,0,,,,
dgica,0.61,0,1,,,,
dgicb,0.47,0,1,,,,
dmlp,0.68,7,1,,,,
dorm,0.13,4,1,,,,
dova,0.79,6,0,,,,
lyl,0.88,0,0,,,,
dota,0.60,0,1,,,,
dotar,0.08,0,0,,,,
dotau,0.34,0,0,,,,
dotaw,0.23,0,0,,,,
drys,0.18,9,0,,,,
dspg,0.94,2,1,,,,
dlth,0.35,1,1,,,,
dnkn,0.52,1,1,,,,
drrx,0.67,6,1,,,,
dxpe,0.47,4,1,,,,
dysl,0.45,4,1,,,,
dynt,0.71,6,0,,,,
dvax,0.62,6,1,,,,
etfc,0.17,0,0,,,,
ebmt,0.37,0,1,,,,
egbn,0.58,0,0,,,,
egle,0.60,9,1,,,,
efbi,0.60,0,0,,,,
egrx,0.28,6,1,,,,
ewbc,0.67,0,0,,,,
eacq,0.31,4,1,,,,
eacqu,0.57,4,1,,,,
eacqw,0.09,4,1,,,,
eml,0.25,4,0,,,,
esdi,0.12,10,0,,,,
esdiw,0.29,10,0,,,,
evgbc,0.47,0,0,,,,
evstc,0.96,0,0,,,,
evftc,0.29,0,1,,,,
evlmc,0.15,0,1,,,,
okdcc,0.21,0,0,,,,
ebay,0.31,8,0,,,,
ebayl,0.59,8,1,,,,
ebix,0.93,2,1,,,,
elon,0.53,2,1,,,,
echo,0.84,9,0,,,,
sats,0.53,2,0,,,,
eei,0.90,1,1,,,,
eses,0.89,7,1,,,,
edap,0.60,6,0,,,,
edge,0.28,6,1,,,,
edgw,0.51,2,0,,,,
edit,0.70,6,0,,,,
educ,0.07,11,0,,,,
egan,0.99,2,1,,,,
eglt,0.22,6,1,,,,
ehth,0.77,0,1,,,,
eigr,0.54,6,1,,,,
ekso,0.25,4,1,,,,
loco,0.36,1,1,,,,
emitf,1.00,1,0,,,,
eslt,0.06,4,0,,,,
eri,0.13,1,0,,,,
esio,0.23,8,1,,,,
ea,0.10,2,1,,,,
efii,0.15,2,0,,,,
else,0.99,4,1,,,,
elec,0.93,0,0,,,,
elecu,0.55,0,1,,,,
elecw,0.25,0,1,,,,
ebio,0.25,6,0,,,,
dwac,0.67,0,0,,,,
esbk,0.62,0,0,,,,
eltk,0.63,2,1,,,,
emci,0.84,0,1,,,,
emcf,0.61,0,0,,,,
emkr,0.70,2,1,,,,
rnem,0.79,0,1,,,,
emms,0.61,1,1,,,,
nyny,0.69,1,1,,,,
enta,0.50,6,0,,,,
ecpg,0.32,0,1,,,,
wire,0.90,4,0,,,,
endp,0.57,6,0,,,,
ecyt,0.63,6,0,,,,
elgx,0.90,6,1,,,,
ndra,0.60,6,1,,,,
ndraw,0.11,6,1,,,,
eigi,0.86,2,0,,,,
watt,0.27,2,1,,,,
efoi,0.87,11,0,,,,
erii,0.10,2,0,,,,
exxi,0.14,7,0,,,,
eng,0.10,1,1,,,,
enph,0.79,2,0,,,,
esgr,0.56,0,1,,,,
enfc,0.77,0,1,,,,
entg,0.67,10,1,,,,
entl,0.67,6,1,,,,
ebtc,0.21,0,1,,,,
efsc,0.26,0,1,,,,
enzy          ,0.21,11,0,,,,
epzm,0.48,6,1,,,,
plus,0.29,2,0,,,,
eqix,0.01,1,0,,,,
eqfn,0.17,0,1,,,,
eqbk,0.41,0,1,,,,
eric,0.74,2,1,,,,
erie,0.43,0,0,,,,
eryp,0.67,6,0,,,,
esca,0.26,10,1,,,,
espr,0.17,6,0,,,,
esq,0.89,0,0,,,,
essa,0.10,0,0,,,,
epix,0.55,6,0,,,,
esnd,0.97,1,1,,,,
iteq,0.85,0,0,,,,
etsy,0.04,8,0,,,,
clwt,0.44,11,0,,,,
eeft,0.59,0,1,,,,
esea,0.90,9,0,,,,
evep,0.29,7,1,,,,
evbg,0.85,2,1,,,,
evk,0.49,10,1,,,,
mram,0.31,2,0,,,,
evlv,0.74,1,1,,,,
evgn,0.30,5,0,,,,
evok,0.32,6,0,,,,
evol,0.15,2,0,,,,
exas,0.56,6,1,,,,
exac,0.45,6,0,,,,
xela,0.61,8,0,,,,
exel,0.92,6,0,,,,
exfo,0.54,4,0,,,,
exls,0.06,8,1,,,,
expe,0.58,1,0,,,,
expd,0.90,9,0,,,,
expo,0.63,1,0,,,,
esrx,0.17,6,0,,,,
xog,0.08,7,0,,,,
extr,0.30,2,1,,,,
eyeg,0.50,6,1,,,,
eyegw,0.67,6,0,,,,
ezpw,0.94,1,0,,,,
ffiv,0.49,2,0,,,,
fb,0.95,2,1,,,,
dave,0.80,1,0,,,,
fanh,0.45,0,0,,,,
farm,0.85,10,1,,,,
fmao,0.03,0,0,,,,
ffkt,0.42,0,0,,,,
fmnb,0.39,0,0,,,,
faro,0.14,4,0,,,,
fast,0.72,1,1,,,,
fat,0.92,1,0,,,,
fate,0.44,6,1,,,,
fbss,0.91,0,0,,,,
fcre,0.08,6,0,,,,
fsac,0.26,0,1,,,,
fsacu,0.18,0,0,,,,
fsacw,0.55,0,1,,,,
fnhc,0.19,0,0,,,,
fenc,0.10,6,0,,,,
gsm,0.84,4,0,,,,
ffbw,0.10,0,1,,,,
fcsc,0.55,6,1,,,,
fgen,0.74,6,1,,,,
fdbc,0.26,0,1,,,,
oneq,0.04,0,0,,,,
lion,0.84,0,1,,,,
fdus,0.47,0,1,,,,
frgi,0.80,1,0,,,,
fitb,0.40,0,1,,,,
fitbi,0.14,0,1,,,,
fngn,0.62,0,0,,,,
fisi,0.69,0,0,,,,
fnsr,0.23,2,0,,,,
fnjn,0.74,8,0,,,,
fnte,0.35,0,1,,,,
fnteu,0.63,0,0,,,,
fntew,0.27,0,0,,,,
feye,0.80,2,0,,,,
fbnc,0.27,0,0,,,,
fnlc,0.85,0,1,,,,
frba,0.86,0,1,,,,
buse,0.26,0,1,,,,
fbiz,0.52,0,0,,,,
fcap,0.03,0,1,,,,
fcfs,0.55,1,1,,,,
fcnca,0.03,0,0,,,,
fcbc,0.47,0,1,,,,
fcco,0.92,0,0,,,,
fbnk,0.76,0,1,,,,
fdef,0.41,0,0,,,,
ffbc,0.72,0,0,,,,
ffbcw,0.66,0,0,,,,
ffin,0.22,0,0,,,,
thff,0.71,0,1,,,,
ffnw,0.87,0,0,,,,
ffwm,0.14,0,0,,,,
fgbi,0.43,0,1,,,,
fhb,0.32,0,1,,,,
inbk,0.52,0,0,,,,
inbkl,0.42,0,1,,,,
fibk,0.11,0,1,,,,
frme,0.53,0,1,,,,
fmbh,0.24,0,1,,,,
fmbi,0.87,0,1,,,,
fnwb,0.24,0,0,,,,
fsfg,0.02,0,0,,,,
fslr,0.21,2,1,,,,
faar,0.52,0,0,,,,
fpa,0.22,0,0,,,,
bick,0.70,0,1,,,,
fbz,0.49,0,1,,,,
fcal,1.00,0,0,,,,
fcan,0.19,0,0,,,,
ftcs,0.99,0,0,,,,
fcef,0.05,0,1,,,,
fca,0.95,0,0,,,,
skyy,0.82,0,1,,,,
fdt,0.92,0,1,,,,
fdts,0.48,0,0,,,,
fvc,0.21,0,1,,,,
fv,0.50,0,1,,,,
ifv,0.52,0,1,,,,
dwpp,0.19,0,0,,,,
fem,0.47,0,0,,,,
femb,0.28,0,1,,,,
fems,0.91,0,1,,,,
ftsm,0.21,0,0,,,,
fep,0.64,0,0,,,,
feuz,0.56,0,0,,,,
fgm,0.89,0,1,,,,
ftgc,0.75,0,1,,,,
fthi,0.69,0,0,,,,
hyls,0.08,0,0,,,,
fhk,0.35,0,1,,,,
ftag,0.99,0,1,,,,
ftri,0.40,0,1,,,,
fpxi,0.22,0,1,,,,
ydiv,0.64,0,0,,,,
fjp,0.74,0,1,,,,
fex,0.39,0,1,,,,
ftc,0.20,0,0,,,,
fta,0.53,0,0,,,,
fln,0.96,0,1,,,,
ftlb,0.42,0,1,,,,
lmbs,0.69,0,0,,,,
fmb,0.66,0,0,,,,
fmk,0.99,0,0,,,,
fnx,0.18,0,1,,,,
fny,0.70,0,1,,,,
fnk,0.86,0,1,,,,
fad,0.65,0,1,,,,
fab,0.38,0,1,,,,
mdiv,0.50,0,1,,,,
mcef,0.32,0,1,,,,
fmhi,0.56,0,0,,,,
qaba,0.74,0,1,,,,
ftxo,0.10,0,0,,,,
qcln,0.07,0,0,,,,
grid,0.42,0,0,,,,
cibr,0.49,0,1,,,,
ftxg,0.97,0,0,,,,
carz,0.89,0,1,,,,
ftxn,0.41,0,1,,,,
ftxh,0.12,0,0,,,,
ftxd,0.42,0,0,,,,
ftxl,0.80,0,1,,,,
fone,0.54,0,1,,,,
tdiv,0.68,0,1,,,,
ftxr,0.47,0,0,,,,
qqew,0.74,0,0,,,,
qqxt,0.40,0,0,,,,
qtec,0.94,0,1,,,,
airr,0.17,0,1,,,,
qinc,0.56,0,0,,,,
rdvy,0.46,0,0,,,,
rfap,0.17,0,1,,,,
rfdi,0.72,0,1,,,,
rfem,0.58,0,1,,,,
rfeu,0.88,0,0,,,,
ftsl,0.94,0,1,,,,
fyx,0.42,0,1,,,,
fyc,0.28,0,1,,,,
fyt,0.56,0,1,,,,
sdvy,0.85,0,1,,,,
fko,0.73,0,1,,,,
fcvt,0.91,0,0,,,,
fdiv,0.45,0,1,,,,
fsz,0.87,0,0,,,,
ftw,0.02,0,0,,,,
fixd,0.54,0,0,,,,
tusa,0.16,0,1,,,,
fku,0.29,0,1,,,,
func,0.06,0,1,,,,
fusb,0.51,0,0,,,,
svvc,0.84,0,1,,,,
fsv,0.08,0,1,,,,
fisv,0.93,2,1,,,,
five,0.27,1,0,,,,
fprx,0.40,6,0,,,,
fve,0.88,6,1,,,,
fivn,0.95,2,1,,,,
flex,0.29,2,1,,,,
flks,0.07,6,1,,,,
flxn,0.43,6,1,,,,
skor,0.68,0,1,,,,
lkor,0.44,0,0,,,,
mbsd,0.05,0,1,,,,
aset,0.01,0,1,,,,
esgg,0.29,0,1,,,,
esg,0.67,0,0,,,,
qlc,0.82,0,1,,,,
fpay,0.93,2,0,,,,
flxs,0.09,11,0,,,,
flir,0.98,4,0,,,,
fldm,0.71,4,0,,,,
ffic,0.19,0,0,,,,
fnbg,0.29,0,0,,,,
fomx,0.03,11,0,,,,
fogo,0.96,1,0,,,,
fonr,0.06,6,0,,,,
fsct,0.76,2,1,,,,
frsx,0.87,2,1,,,,
fh,0.73,1,0,,,,
form,0.13,2,0,,,,
forty,0.09,2,0,,,,
forr,0.00,1,1,,,,
frta,0.65,4,0,,,,
ftnt,0.41,2,1,,,,
fbio,0.26,6,1,,,,
fbiop,0.47,6,1,,,,
fmci,0.69,0,1,,,,
fmcir,0.97,0,1,,,,
fmciu,0.44,0,0,,,,
fmciw,0.94,0,1,,,,
fwrd,0.03,9,0,,,,
ford,0.81,10,1,,,,
fwp,0.18,6,1,,,,
fosl,0.59,10,1,,,,
fmi,0.75,6,0,,,,
foxf,0.87,10,1,,,,
fran,0.35,1,1,,,,
fele,0.10,11,1,,,,
fred,0.59,1,0,,,,
rail,0.66,4,0,,,,
feim,0.42,4,0,,,,
frpt,0.42,10,1,,,,
fteo,0.72,0,1,,,,
ftr,0.66,3,0,,,,
ftrpr,0.86,3,0,,,,
frph,0.07,0,0,,,,
fsbw,0.18,0,0,,,,
fsbc,0.03,0,1,,,,
ftd,0.17,1,0,,,,
ftek,0.86,4,1,,,,
fcel,0.07,8,0,,,,
flgt,0.54,6,0,,,,
fork,0.07,10,1,,,,
fll,0.28,1,0,,,,
fult,0.35,0,1,,,,
fnko,0.82,10,1,,,,
fsnn,0.76,2,0,,,,
ftft,0.44,10,0,,,,
ffhl,0.58,4,1,,,,
wilc,0.20,10,1,,,,
gthx,0.94,6,0,,,,
foanc,0.85,0,1,,,,
moglc,0.55,0,1,,,,
gaia,0.02,1,1,,,,
glpg,0.78,6,1,,,,
galt,0.90,6,1,,,,
gale,0.50,6,1,,,,
glmd,0.84,6,1,,,,
glpi,0.42,1,0,,,,
gpic,0.86,10,0,,,,
grmn,0.56,4,0,,,,
gars,0.41,0,1,,,,
gds,0.56,2,0,,,,
gemp,0.39,6,1,,,,
genc,0.65,4,1,,,,
gncma,0.91,3,1,,,,
gfn,0.58,2,1,,,,
gfncp,0.93,2,0,,,,
gfnsl,0.41,2,0,,,,
gene,0.67,6,0,,,,
gnus,0.76,1,1,,,,
gnmk,0.29,6,1,,,,
gnca,0.74,6,0,,,,
ghdx,0.13,6,0,,,,
gntx,0.04,4,0,,,,
thrm,0.01,4,0,,,,
geos,0.54,4,0,,,,
gabc,0.66,0,0,,,,
gern,0.38,6,1,,,,
gevo,0.06,5,0,,,,
rock,0.15,4,0,,,,
gigm,0.92,2,0,,,,
giii,0.70,10,1,,,,
gilt,0.25,2,0,,,,
gild,0.54,6,1,,,,
gbci,0.11,0,0,,,,
glad,0.81,10,1,,,,
gladn,0.94,10,1,,,,
good,0.12,1,0,,,,
goodm,0.43,1,1,,,,
goodo,0.42,1,1,,,,
goodp,0.61,1,1,,,,
gain,0.50,0,1,,,,
gainm,0.37,0,1,,,,
gainn,0.50,0,0,,,,
gaino,0.16,0,0,,,,
land,0.33,1,1,,,,
landp,0.19,1,1,,,,
glbz,0.51,0,0,,,,
gbt,0.44,6,1,,,,
glbr,0.10,0,1,,,,
ent,0.07,1,0,,,,
gbli,0.13,0,1,,,,
gblil,0.20,0,0,,,,
gbliz,0.51,0,1,,,,
gpac,0.32,11,0,,,,
gpacu,0.04,11,0,,,,
gpacw,0.56,11,1,,,,
self,0.18,1,1,,,,
gwrs,0.89,3,0,,,,
krma,0.24,0,0,,,,
finx,0.46,0,1,,,,
bfit,0.63,0,0,,,,
snsr,0.29,0,0,,,,
lngr,0.79,0,0,,,,
miln,0.14,0,0,,,,
efas,0.06,0,1,,,,
qqqc,0.28,0,0,,,,
botz,0.89,0,1,,,,
cath,0.62,0,1,,,,
socl,0.59,0,0,,,,
alty,0.02,0,1,,,,
sret,0.03,0,0,,,,
ylco,0.26,0,0,,,,
glbs,0.51,9,1,,,,
gluu,0.03,2,1,,,,
glyc,0.31,6,0,,,,
gogo,0.04,1,1,,,,
glng,0.40,1,1,,,,
gmlp,0.78,1,0,,,,
gmlpp,0.57,1,0,,,,
gden,0.61,1,0,,,,
gogl,0.01,1,0,,,,
gbdc,0.66,0,1,,,,
gtim,0.68,1,1,,,,
gpro,0.73,8,1,,,,
gsht,0.28,0,0,,,,
gshtu,0.49,0,1,,,,
gshtw,0.72,0,1,,,,
gov,0.43,0,1,,,,
govni,0.70,0,0,,,,
lope,0.79,1,1,,,,
grvy,0.29,8,1,,,,
gecc,0.67,0,0,,,,
geccl,0.70,0,1,,,,
gec,0.77,2,1,,,,
gldd,0.13,5,0,,,,
gsbc,0.83,0,0,,,,
gnbc,0.62,0,1,,,,
grbk,0.13,4,1,,,,
gpp,0.96,5,1,,,,
gpre,0.67,5,1,,,,
gcbc,0.81,0,1,,,,
glre,0.37,0,0,,,,
gsum,0.75,2,1,,,,
grif,0.98,0,1,,,,
grfs,0.10,6,0,,,,
grpn,0.10,2,1,,,,
omab,0.54,9,1,,,,
ggal,0.94,0,0,,,,
gsit,0.92,2,1,,,,
gsvc,0.61,0,1,,,,
gtxi,0.55,6,0,,,,
gtyh,0.28,0,1,,,,
gtyhu,0.80,0,0,,,,
gtyhw,0.01,0,1,,,,
gbnk,0.45,0,1,,,,
gnty,0.32,0,1,,,,
gfed,0.56,0,1,,,,
gifi,0.72,4,1,,,,
gure,0.83,5,1,,,,
gpor,0.88,7,0,,,,
gwph,0.74,6,1,,,,
gwgh,0.27,0,1,,,,
gyro,0.50,1,1,,,,
hees,0.07,0,0,,,,
hlg,0.74,1,1,,,,
hnrg,0.68,7,0,,,,
hall,0.96,0,0,,,,
halo,0.22,6,1,,,,
hbk,0.40,0,0,,,,
hlne,0.95,0,1,,,,
hbhc,0.01,0,0,,,,
hbhcl,0.80,0,0,,,,
hafc,0.66,0,1,,,,
hqcl,0.58,2,1,,,,
hone,0.41,0,1,,,,
hdng,0.36,4,1,,,,
hlit,0.97,2,0,,,,
hbio,0.14,4,0,,,,
hcap,0.29,0,0,,,,
hcapz,0.58,0,1,,,,
has,0.59,10,1,,,,
ha,0.76,9,1,,,,
hcom,0.26,1,0,,,,
hwkn,0.46,11,0,,,,
hwbk,0.81,0,0,,,,
hyac,0.19,0,0,,,,
hyacu,0.13,0,0,,,,
hyacw,0.35,0,1,,,,
hayn,0.86,4,1,,,,
hds,0.20,1,0,,,,
hiiq,0.38,0,1,,,,
hcsg,0.06,6,0,,,,
hqy,0.37,8,0,,,,
hstm,0.53,2,0,,,,
htld,0.53,9,1,,,,
htlf,0.80,0,0,,,,
htbx,0.94,6,1,,,,
hebt,0.40,4,1,,,,
hsii,0.53,2,1,,,,
hele,0.44,11,0,,,,
hmny,0.62,1,0,,,,
hmtv,0.43,1,0,,,,
hnna,0.88,0,0,,,,
hsic,0.12,6,1,,,,
htbk,0.86,0,0,,,,
hfwa,0.59,0,0,,,,
hcci,0.57,5,0,,,,
mlhr,0.43,11,1,,,,
hrtx,0.68,6,1,,,,
hska,0.58,6,1,,,,
hx,0.98,0,0,,,,
hibb,0.07,1,0,,,,
snln,0.44,0,1,,,,
hpj,0.17,8,1,,,,
hiho,0.59,4,1,,,,
himx,0.13,2,1,,,,
hifs,0.05,0,0,,,,
hsgx,0.50,6,1,,,,
hmnf,0.54,0,0,,,,
hmsy,0.63,8,1,,,,
holi,0.62,7,0,,,,
holx,0.30,6,1,,,,
hbcp,0.49,0,0,,,,
homb,0.61,0,1,,,,
hfbl,0.35,0,1,,,,
hmst,0.81,0,1,,,,
hmta,0.86,0,1,,,,
htbi,0.11,0,1,,,,
hoft,0.70,11,1,,,,
hope,0.12,0,1,,,,
hfbc,0.70,0,1,,,,
hbnc,0.76,0,1,,,,
hznp,0.27,6,0,,,,
hrzn,0.35,0,0,,,,
dax,0.80,0,1,,,,
qyld,0.64,0,1,,,,
hdp,0.68,2,0,,,,
hpt,0.22,1,0,,,,
twnk,0.01,10,0,,,,
twnkw,0.35,10,1,,,,
hmhc,0.11,1,0,,,,
hwcc,0.87,10,1,,,,
hovnp,0.68,4,1,,,,
hbmd,0.59,0,1,,,,
hsni,0.93,1,0,,,,
htgm,1.00,4,0,,,,
hubg,0.57,9,1,,,,
hson,0.27,2,0,,,,
hdsn,0.06,11,1,,,,
hunt,0.55,9,1,,,,
huntu,0.35,9,0,,,,
huntw,0.22,9,1,,,,
hban,0.34,0,0,,,,
hbann,0.21,0,1,,,,
hbano,0.59,0,0,,,,
hbanp,0.69,0,0,,,,
hurc,0.98,4,1,,,,
hurn,0.61,1,1,,,,
hcm,0.54,6,1,,,,
hbp,0.22,1,1,,,,
hvbc,0.71,0,0,,,,
hygs,0.33,5,0,,,,
idsy,0.51,11,0,,,,
iac,0.42,1,1,,,,
iam,0.40,0,1,,,,
iamxr,0.99,0,0,,,,
iamxw,0.73,0,1,,,,
ibkc,0.09,0,0,,,,
ibkco,0.45,0,1,,,,
ibkcp,0.08,0,1,,,,
icad,0.68,6,1,,,,
iep,0.80,4,1,,,,
icch,0.11,0,1,,,,
icfi,0.31,1,0,,,,
ichr,0.33,2,0,,,,
iclr,0.83,6,1,,,,
icon,0.28,10,0,,,,
icui,0.47,6,0,,,,
ipwr,0.96,7,0,,,,
inve,0.36,2,1,,,,
idra,0.64,6,1,,,,
idxx,0.19,6,1,,,,
iesc,0.27,4,1,,,,
iroq,0.62,0,0,,,,
ifmk,0.86,1,1,,,,
rxdx,0.39,6,0,,,,
info,0.97,2,1,,,,
iivi,0.17,4,0,,,,
kang,0.92,6,0,,,,
iknx,0.53,8,1,,,,
ilg,0.89,0,1,,,,
ilmn,0.27,4,0,,,,
isns,0.66,4,0,,,,
immr,0.58,2,0,,,,
iccc,1.00,6,1,,,,
imdz,0.56,6,0,,,,
imnp          ,0.28,6,1,,,,
imgn,0.27,6,0,,,,
immu,0.54,6,0,,,,
imrn,0.65,6,0,,,,
imrnw,0.85,6,0,,,,
immp,0.99,0,1,,,,
ipxl,0.18,6,1,,,,
impv,0.34,2,0,,,,
pi,0.61,4,1,,,,
immy,0.75,6,0,,,,
incr,0.13,6,1,,,,
incy,0.89,6,0,,,,
indb,0.25,0,1,,,,
ibcp,0.62,0,0,,,,
ibtx,0.40,0,0,,,,
indu,0.29,0,1,,,,
induu,0.23,0,1,,,,
induw,0.54,0,0,,,,
idsa,0.28,11,1,,,,
infn,0.63,3,0,,,,
infi,0.38,6,0,,,,
ipcc,0.01,0,0,,,,
ifrx,0.82,0,0,,,,
iii,0.35,1,1,,,,
ifon,0.61,10,1,,,,
imkta,0.00,1,1,,,,
inwk,0.14,8,0,,,,
inod,0.14,2,1,,,,
iphs,0.82,11,0,,,,
iosp,0.03,5,0,,,,
issc,0.15,2,0,,,,
inva,0.69,6,1,,,,
ingn,0.66,6,0,,,,
itek,0.62,6,0,,,,
inov,0.49,2,0,,,,
ino,0.80,6,1,,,,
inpx,0.50,2,1,,,,
insg,0.92,11,1,,,,
nsit,0.39,1,1,,,,
isig,0.41,1,1,,,,
insm,0.29,6,0,,,,
inse,0.43,2,0,,,,
iiin,0.49,4,0,,,,
podd,0.78,6,1,,,,
insy,0.89,6,1,,,,
ntec,0.77,6,1,,,,
iart,0.99,4,0,,,,
idti,0.21,2,0,,,,
imte,0.51,10,1,,,,
intc,0.25,2,0,,,,
ntla,0.24,6,1,,,,
ipci,0.19,6,0,,,,
ipar,0.22,10,0,,,,
ibkr,0.09,0,0,,,,
icpt,0.36,6,0,,,,
idcc,0.77,8,0,,,,
tile,0.09,11,1,,,,
link,0.60,2,1,,,,
imi,0.17,2,0,,,,
inap,0.56,2,0,,,,
iboc,0.90,0,0,,,,
isca,0.41,1,0,,,,
igld,0.72,3,0,,,,
iiji,0.08,2,0,,,,
idxg,0.57,6,0,,,,
xent,0.50,6,0,,,,
intx,0.13,2,0,,,,
ivac,0.85,2,0,,,,
intl,0.02,0,0,,,,
itci,0.38,6,0,,,,
iin,0.81,4,0,,,,
intu,0.44,2,1,,,,
isrg,0.80,6,0,,,,
snak,0.57,10,0,,,,
istr,0.52,0,0,,,,
isbc,0.02,0,1,,,,
itic,0.05,0,0,,,,
nviv,0.74,6,0,,,,
ivty,0.03,6,1,,,,
ions,0.88,6,0,,,,
iova,0.43,6,0,,,,
ipas,0.55,2,1,,,,
dtys,0.90,0,1,,,,
dtus,0.68,0,0,,,,
dtul,0.60,0,1,,,,
dfvs,0.06,0,1,,,,
dfvl,0.56,0,1,,,,
flat,0.75,0,1,,,,
dlbs,0.07,0,0,,,,
stpp,0.96,0,1,,,,
ipgp,0.03,2,0,,,,
csml,0.81,0,0,,,,
irmd,0.89,6,0,,,,
irtc,0.95,6,1,,,,
irix,0.18,6,1,,,,
irdm,0.06,11,1,,,,
irdmb,0.38,11,1,,,,
irbt,0.89,11,0,,,,
irwd,0.81,6,0,,,,
ircp,0.13,1,0,,,,
pmpt,0.70,0,0,,,,
slqd,0.97,0,0,,,,
csj,0.57,0,1,,,,
ishg,0.67,0,0,,,,
shy,0.64,0,0,,,,
tlt,0.40,0,0,,,,
iei,0.04,0,1,,,,
ief,0.11,0,1,,,,
aia,0.20,0,1,,,,
comt,0.83,0,0,,,,
istb,0.69,0,1,,,,
ixus,0.18,0,1,,,,
iusg,0.51,0,1,,,,
iusv,0.17,0,1,,,,
iusb,0.27,0,1,,,,
hewg,0.53,0,0,,,,
susb,0.73,0,1,,,,
susc,0.93,0,1,,,,
xt,0.59,0,1,,,,
faln,0.54,0,0,,,,
ifeu,0.07,0,0,,,,
ifgl,0.93,0,1,,,,
igf,0.90,0,1,,,,
gnma,0.03,0,1,,,,
hyxe,0.18,0,1,,,,
ciu,0.89,0,1,,,,
igov,0.39,0,1,,,,
emb,0.44,0,0,,,,
mbb,0.47,0,0,,,,
jki,0.99,0,1,,,,
acwx,0.27,0,1,,,,
acwi,0.74,0,1,,,,
aaxj,0.39,0,0,,,,
ewzs,0.62,0,0,,,,
mchi,0.45,0,1,,,,
esgd,0.04,0,0,,,,
scz,0.02,0,1,,,,
esge,0.93,0,1,,,,
eema,0.87,0,1,,,,
emxc,0.67,0,0,,,,
eufn,0.18,0,1,,,,
ieus,0.19,0,1,,,,
ring,0.00,0,0,,,,
mpct,0.11,0,1,,,,
enzl,0.97,0,0,,,,
qat,0.35,0,0,,,,
tur,0.11,0,1,,,,
uae,0.31,0,1,,,,
esgu,0.51,0,1,,,,
ibb,0.02,0,1,,,,
soxx,0.64,0,1,,,,
amca,0.33,0,0,,,,
emif,0.14,0,0,,,,
icln,0.31,0,0,,,,
wood,0.71,0,0,,,,
indy,0.88,0,1,,,,
ijt,0.52,0,0,,,,
dvy,0.15,0,1,,,,
shv,0.16,0,1,,,,
cred,0.64,0,0,,,,
pff,0.35,0,1,,,,
isrl,0.08,7,1,,,,
iti,0.81,11,1,,,,
itri,0.32,4,1,,,,
itrn,0.77,10,0,,,,
itus,0.26,8,1,,,,
ivenc,0.92,0,0,,,,
ivfgc,0.99,0,1,,,,
ivfvc,0.48,0,0,,,,
ixys,0.21,2,0,,,,
izea,0.97,1,0,,,,
jjsf,0.81,10,0,,,,
mays,0.10,1,1,,,,
jbht,0.95,9,1,,,,
jcom,0.95,2,1,,,,
jaso,0.04,2,0,,,,
jkhy,0.45,2,0,,,,
jack,0.50,1,0,,,,
jxsb,0.38,0,1,,,,
jagx,0.92,6,1,,,,
jakk,0.43,10,0,,,,
jmba,0.51,1,0,,,,
jrvr,0.22,0,1,,,,
sgqi,0.02,0,0,,,,
jsml,0.64,0,1,,,,
jsmd,0.66,0,1,,,,
jasn,0.55,11,0,,,,
jasnw,0.34,11,0,,,,
jazz,0.79,6,0,,,,
jd,0.52,1,0,,,,
jsyn,0.22,0,0,,,,
jsynr,0.94,0,0,,,,
jsynu,0.40,0,1,,,,
jsynw,0.67,0,0,,,,
jblu,0.66,9,0,,,,
jtpy,0.54,0,1,,,,
jctcf,0.76,1,0,,,,
wyig,0.55,0,1,,,,
wyigu,0.32,0,0,,,,
wyigw,0.84,0,1,,,,
jmu,0.92,2,1,,,,
jbss,0.61,10,0,,,,
jout,0.11,10,0,,,,
jnce,0.27,6,0,,,,
jnp,0.88,6,0,,,,
juno,0.93,6,0,,,,
ktwo,0.39,6,1,,,,
kalu,0.85,4,0,,,,
kala,0.06,6,1,,,,
kalv,0.20,6,0,,,,
kmda,0.17,6,0,,,,
kndi,0.89,4,0,,,,
kpti,0.54,6,0,,,,
kaac,0.73,0,1,,,,
kaacu,0.09,0,1,,,,
kaacw,0.80,0,0,,,,
kzia,0.51,4,0,,,,
kblm,0.91,0,1,,,,
kblmr,0.41,0,0,,,,
kblmu,0.31,0,0,,,,
kblmw,0.25,0,1,,,,
kbsf,0.48,10,0,,,,
kcap,0.02,0,1,,,,
kcapl,0.40,0,0,,,,
krny,0.51,0,0,,,,
kelya,0.06,2,0,,,,
kelyb,0.87,2,0,,,,
kmph,0.16,6,0,,,,
kffb,0.35,0,1,,,,
kerx,0.17,6,0,,,,
kequ,0.90,4,0,,,,
ktec,0.80,2,1,,,,
ktcc,0.12,2,0,,,,
kfrc,0.72,2,0,,,,
ke,0.21,2,1,,,,
kbal,0.50,11,0,,,,
kin,0.28,6,1,,,,
kgji,0.82,8,1,,,,
kins,0.21,0,1,,,,
kone,0.00,2,1,,,,
knsl,0.60,0,1,,,,
kirk,0.11,1,0,,,,
ktov,0.24,6,1,,,,
ktovw,0.89,6,0,,,,
klac,0.85,4,0,,,,
klxi,0.16,4,0,,,,
kona,0.26,1,1,,,,
kopn,0.70,2,0,,,,
krnt,0.08,4,0,,,,
koss,0.92,10,1,,,,
kweb,0.00,0,0,,,,
ktos,0.09,4,1,,,,
krys,0.65,6,1,,,,
klic,1.00,2,1,,,,
kura,0.22,6,1,,,,
kvhi,0.36,2,0,,,,
fstr,0.92,5,1,,,,
ljpc,0.33,6,1,,,,
lsbk,0.61,0,1,,,,
lbai,0.13,0,1,,,,
lkfn,0.75,0,1,,,,
lake,0.59,6,0,,,,
lrcx,0.62,2,1,,,,
lamr,0.34,1,1,,,,
lanc,0.28,10,0,,,,
lca,0.05,0,1,,,,
lcahu,0.09,0,1,,,,
lcahw,0.27,0,1,,,,
lndc,0.59,10,0,,,,
lark,0.70,0,1,,,,
lmrk,0.53,1,1,,,,
lmrko,0.60,1,1,,,,
lmrkp,0.01,1,0,,,,
le,0.11,1,0,,,,
lstr,0.27,9,1,,,,
lnth,0.46,6,0,,,,
ltrx,0.14,2,0,,,,
rnlc,0.70,0,1,,,,
lscc,0.21,2,0,,,,
laur,0.75,1,0,,,,
laws,0.19,11,1,,,,
layn,0.37,5,0,,,,
lcnb,0.17,0,0,,,,
lbix,0.69,10,1,,,,
lptx,0.20,6,1,,,,
lgcy,0.57,7,1,,,,
lgcyo,0.57,7,0,,,,
lgcyp,0.34,7,0,,,,
ltxb,0.99,0,0,,,,
ddbi,0.74,0,0,,,,
edbi,0.92,0,1,,,,
infr,0.88,0,1,,,,
lvhd,0.46,0,0,,,,
sqlv,0.95,0,0,,,,
udbi,0.23,0,1,,,,
lacqu,0.76,0,0,,,,
lmat,0.36,6,1,,,,
tree,0.55,0,1,,,,
lxrx,0.64,6,0,,,,
lgih,0.44,4,1,,,,
lhcg,0.27,6,0,,,,
llit,0.07,6,1,,,,
lbrda,0.15,1,0,,,,
lbrdk,0.71,1,1,,,,
lexea,0.79,1,0,,,,
lexeb,0.36,1,0,,,,
lbtya,0.86,1,1,,,,
lbtyb,0.72,1,1,,,,
lbtyk,0.95,1,0,,,,
lila,0.24,1,1,,,,
lilak,0.24,1,1,,,,
lvnta,0.27,1,1,,,,
lvntb,0.84,1,0,,,,
qvca,0.12,1,1,,,,
qvcb,0.11,1,1,,,,
batra,0.44,1,0,,,,
batrk,0.36,1,0,,,,
fwona,0.84,1,1,,,,
fwonk,0.95,1,0,,,,
lsxma,0.85,1,1,,,,
lsxmb,0.14,1,1,,,,
lsxmk,0.48,1,1,,,,
tax,0.13,8,0,,,,
ltrpa,0.45,2,0,,,,
ltrpb,0.34,2,0,,,,
lpnt,0.98,6,1,,,,
lcut,0.75,4,0,,,,
lfvn,0.29,6,0,,,,
lway,0.11,10,1,,,,
lgnd,0.55,6,0,,,,
ltbr,0.56,1,1,,,,
lpth,0.57,2,1,,,,
llex,0.47,7,1,,,,
lmb,0.36,5,1,,,,
llnw,0.11,8,0,,,,
lmnr,0.99,10,0,,,,
linc,0.30,1,0,,,,
leco,0.12,2,0,,,,
lind,0.77,1,0,,,,
lindw,0.30,1,1,,,,
linu,0.55,1,1,,,,
lpcn,0.00,6,0,,,,
lqdt,0.34,8,0,,,,
lfus,0.21,11,1,,,,
livn,0.71,6,0,,,,
lob,0.13,0,0,,,,
live,0.74,0,1,,,,
lpsn,0.31,2,1,,,,
lkq,0.32,1,1,,,,
lmfa,0.43,0,1,,,,
lmfaw,0.53,0,1,,,,
logi,0.62,2,0,,,,
logm,0.39,2,1,,,,
cncr,0.35,0,1,,,,
lone,0.72,7,1,,,,
ltea,0.90,10,1,,,,
loop,0.71,3,0,,,,
lorl,0.55,2,0,,,,
loxo,0.33,6,1,,,,
lpla,0.21,0,0,,,,
lrad,0.45,10,1,,,,
lyts,0.20,11,0,,,,
lulu,0.88,10,0,,,,
lite,0.26,11,1,,,,
lmnx,0.28,6,1,,,,
luna,0.77,6,1,,,,
mbtf,0.58,0,1,,,,
macq,0.58,0,0,,,,
macqu,0.98,0,0,,,,
macqw,0.49,0,0,,,,
miii,0.38,0,0,,,,
miiiu,0.76,0,0,,,,
miiiw,0.14,0,1,,,,
mbvx,0.34,6,0,,,,
mcbc,0.06,0,0,,,,
mfnc,0.52,0,0,,,,
mtsi,0.07,2,0,,,,
mgnx,0.89,6,0,,,,
mdgl,0.25,6,1,,,,
mags,0.82,11,1,,,,
mgln,0.96,6,0,,,,
mgic,0.42,2,0,,,,
call,0.61,3,0,,,,
mnga,0.47,2,0,,,,
mgyr,0.51,0,0,,,,
mhld,0.59,0,1,,,,
msfg,0.00,0,0,,,,
mmyt,0.81,1,0,,,,
mbuu,0.64,4,0,,,,
mlvf,0.52,0,0,,,,
mams,0.19,2,0,,,,
tusk,0.62,7,1,,,,
manh,0.04,2,0,,,,
loan,0.70,1,0,,,,
mntx,0.44,2,0,,,,
mtex,0.35,11,1,,,,
mnkd,0.99,6,0,,,,
mant,0.38,1,1,,,,
mara,0.62,8,0,,,,
mchx,0.39,8,1,,,,
marps,0.84,7,0,,,,
mrns,0.36,6,1,,,,
mktx,0.73,0,0,,,,
mrln,0.75,0,0,,,,
mar,0.66,1,1,,,,
mbii,0.15,5,1,,,,
mrtn,0.82,9,0,,,,
mmlp,0.05,7,0,,,,
mrvl,0.43,2,0,,,,
masi,0.94,6,0,,,,
mtch,0.91,2,1,,,,
mtls,0.58,2,1,,,,
mpac,0.03,0,0,,,,
mpacu,0.68,0,1,,,,
mpacw,0.74,0,1,,,,
mtrx,0.07,5,1,,,,
mat,0.35,10,1,,,,
matr,0.83,2,1,,,,
matw,0.74,4,0,,,,
mxim,0.07,2,1,,,,
mxwl,0.66,8,1,,,,
mzor,0.55,6,1,,,,
mbfi,0.25,0,0,,,,
mbfio,0.52,0,1,,,,
mbfip,0.06,0,1,,,,
mcft,0.75,4,1,,,,
mgrc,0.87,2,1,,,,
mdca,0.09,2,1,,,,
mfin,0.95,0,1,,,,
mfinl,0.62,0,0,,,,
mtbc,0.18,2,1,,,,
mtbcp,0.23,2,0,,,,
mnov,0.72,6,0,,,,
mdso,0.79,2,1,,,,
mdgs,0.65,6,1,,,,
mdwd,0.62,11,1,,,,
medp,0.17,6,1,,,,
meip,0.93,6,0,,,,
mlco,0.39,1,0,,,,
mlnt,0.79,6,1,,,,
mlnx,0.42,2,1,,,,
melr,0.29,0,0,,,,
mtsl,0.60,3,0,,,,
meli,0.41,8,1,,,,
mbwm,0.42,0,1,,,,
merc,0.90,5,1,,,,
mbin,0.31,0,1,,,,
mrcy,0.48,4,1,,,,
ebsb,0.51,0,0,,,,
mrbk,0.86,0,0,,,,
vivo,0.22,6,0,,,,
mrdn,0.26,5,0,,,,
mrdnw,0.72,5,1,,,,
mmsi,0.22,6,1,,,,
mack,0.09,6,1,,,,
mrsn,0.48,6,0,,,,
mrus,0.52,6,0,,,,
mlab,0.25,4,1,,,,
meso,0.32,6,1,,,,
cash,0.74,0,1,,,,
meoh,0.66,5,0,,,,
mgcd,0.23,6,0,,,,
mgee,0.13,7,1,,,,
mgpi,0.16,10,1,,,,
mbot,0.78,6,0,,,,
mchp,0.97,2,1,,,,
mu,0.71,2,0,,,,
mict,0.92,4,0,,,,
mictw,0.91,4,1,,,,
mscc,0.47,2,0,,,,
msft,0.32,2,0,,,,
mstr,0.30,2,1,,,,
mvis,0.17,4,1,,,,
rnmc,0.56,0,0,,,,
mpb,0.37,0,0,,,,
mtp,0.39,6,0,,,,
mcep,0.69,7,0,,,,
mbcn,0.52,0,1,,,,
msex,0.63,3,0,,,,
msbi,0.09,0,1,,,,
mofg,0.04,0,1,,,,
mime,0.02,2,0,,,,
mdxg,0.59,6,1,,,,
mndo,0.61,2,0,,,,
mb,0.15,2,0,,,,
nerv,0.76,6,1,,,,
mgen,0.61,6,0,,,,
mrtx,0.12,6,1,,,,
mson,0.24,4,1,,,,
mind,0.59,2,0,,,,
mindp,0.80,2,1,,,,
mitk,0.90,2,1,,,,
mitl,0.71,2,1,,,,
mksi,0.38,4,1,,,,
mmac,0.38,0,0,,,,
mini,0.45,4,0,,,,
mobl,1.00,2,1,,,,
mmdm,0.22,0,0,,,,
mmdmr,0.99,0,1,,,,
mmdmu,0.01,0,1,,,,
mmdmw,0.78,0,0,,,,
mlnk,0.57,8,1,,,,
mtem,0.52,6,1,,,,
mbrx,0.28,6,1,,,,
mnta,0.51,6,1,,,,
momo,0.77,2,0,,,,
mcri,0.85,1,0,,,,
mdlz,0.15,10,0,,,,
mgi,0.32,8,1,,,,
mdb,0.21,2,0,,,,
mpwr,0.63,2,1,,,,
type,0.34,2,1,,,,
mnro,0.84,1,1,,,,
mrcc,0.39,0,0,,,,
mnst,0.29,10,0,,,,
msdi,0.80,2,0,,,,
msdiw,0.60,2,1,,,,
morn,0.43,0,0,,,,
mosy,0.71,2,1,,,,
mtfb,0.71,6,0,,,,
mtfbw,0.99,6,0,,,,
mpaa,0.20,4,1,,,,
mpvd,0.48,5,0,,,,
moxc,0.53,2,0,,,,
msbf,0.49,0,1,,,,
mtge,0.30,1,1,,,,
mtgep,0.19,1,0,,,,
mtsc,0.12,4,1,,,,
labl,0.43,8,1,,,,
mbio,0.88,6,0,,,,
mfsf,0.60,0,0,,,,
mysz,0.26,2,0,,,,
myl,0.95,6,1,,,,
mynd,0.61,6,1,,,,
myndw,0.55,6,0,,,,
myok,0.02,6,1,,,,
myos,0.36,6,1,,,,
myrg,0.23,5,0,,,,
mygn,0.47,6,1,,,,
nbrv,0.25,6,0,,,,
nakd,0.34,10,1,,,,
nndm,0.33,2,1,,,,
nano,0.37,4,1,,,,
nstg,0.70,6,1,,,,
naov,0.89,6,0,,,,
nh,0.25,2,0,,,,
nk,0.53,6,0,,,,
nssc,0.90,11,0,,,,
ndaq,0.44,0,1,,,,
ntra,0.98,6,1,,,,
nath,0.34,1,1,,,,
nauh,0.36,1,1,,,,
nksh,0.49,0,1,,,,
fizz,0.80,10,0,,,,
ncmi,0.09,1,1,,,,
ncom,0.54,0,0,,,,
nesr,0.44,0,1,,,,
nesrw,0.58,0,1,,,,
nghc,0.59,0,1,,,,
nghcn,0.69,0,0,,,,
nghco,0.16,0,1,,,,
nghcp,0.68,0,0,,,,
nghcz,0.40,0,1,,,,
nhld,0.82,0,1,,,,
nhldw,0.57,0,1,,,,
nati,0.57,2,1,,,,
nrcia,0.01,6,0,,,,
nrcib,0.89,6,1,,,,
nsec,0.69,0,0,,,,
eye,0.39,6,0,,,,
nwli,0.83,0,0,,,,
naii,0.20,11,0,,,,
nhtc,0.56,11,1,,,,
natr,0.08,6,1,,,,
baby,0.12,6,1,,,,
ism,0.70,0,1,,,,
jsm,0.44,0,0,,,,
navi,0.34,0,0,,,,
nbtb,0.16,0,0,,,,
ncsm,0.05,7,0,,,,
nktr,0.10,6,1,,,,
neog,0.11,6,1,,,,
neo,0.63,6,1,,,,
neon,0.27,4,1,,,,
neos,0.46,6,1,,,,
neot,0.91,6,1,,,,
nvcn,0.83,6,0,,,,
nept,0.49,6,0,,,,
ueps,0.61,0,1,,,,
nete,0.31,2,1,,,,
ntap,0.10,2,1,,,,
ntes,0.54,8,0,,,,
nflx,0.43,1,0,,,,
ntgr,0.42,3,1,,,,
nlst,0.10,2,1,,,,
ntct,0.14,2,1,,,,
ntwk,0.94,2,0,,,,
cur,0.93,6,0,,,,
nbix,0.42,6,0,,,,
nuro,0.63,6,0,,,,
nurow,0.08,6,0,,,,
ntrp,0.11,6,0,,,,
nbev,0.93,10,0,,,,
nymt,0.12,1,1,,,,
nymtn,1.00,1,0,,,,
nymto,0.97,1,0,,,,
nymtp,0.51,0,0,,,,
newa,0.69,5,0,,,,
nlnk,0.52,6,0,,,,
nws,0.56,1,0,,,,
nwsa,0.20,1,0,,,,
news,0.44,0,1,,,,
newt,0.31,0,0,,,,
newtl,0.52,0,1,,,,
newtz,0.27,0,0,,,,
nxeo,0.08,11,0,,,,
nxeou,0.40,11,0,,,,
nxeow,0.49,11,0,,,,
nxst,0.86,1,1,,,,
next,0.60,3,1,,,,
nextw,0.99,3,1,,,,
nfec,0.16,4,0,,,,
nodk,0.76,0,1,,,,
egov,0.58,8,0,,,,
nice,0.67,2,1,,,,
nick,0.45,0,1,,,,
ncbs,0.28,0,1,,,,
nite,0.93,6,1,,,,
nihd,0.46,3,0,,,,
nmih,0.77,0,1,,,,
nnbr,0.70,4,1,,,,
ndls,0.33,1,1,,,,
ndsn,0.77,4,1,,,,
nsys,0.41,4,0,,,,
nbn,0.08,0,0,,,,
ntic,0.65,4,1,,,,
ntrs,0.60,0,0,,,,
ntrsp,0.02,0,0,,,,
nfbk,0.01,0,1,,,,
nrim,0.22,0,0,,,,
nwbi,0.33,0,0,,,,
nwpx,0.62,5,1,,,,
nclh,0.68,1,1,,,,
nwfl,0.72,0,0,,,,
nvfy,0.17,11,1,,,,
nvmi,0.91,4,1,,,,
novn,0.48,6,0,,,,
novt,0.28,8,0,,,,
nvax,0.01,6,1,,,,
nvln,0.95,6,1,,,,
nvcr,0.87,6,0,,,,
nvus,0.92,6,1,,,,
nuan,0.51,2,1,,,,
ncna,0.34,6,0,,,,
nmrx,0.56,11,1,,,,
ntnx,0.55,2,0,,,,
ntri,0.41,1,0,,,,
nuva,0.39,6,1,,,,
nvtr,0.24,6,0,,,,
qqqx,0.47,0,0,,,,
nvee,0.41,1,0,,,,
nvec,0.99,2,1,,,,
nvda,0.69,2,0,,,,
nxpi,0.60,2,0,,,,
nxtm,0.56,6,0,,,,
nxtd,0.52,1,1,,,,
nxtdw,0.85,1,0,,,,
nymx,0.09,6,0,,,,
oiim,0.86,2,0,,,,
ovly,0.28,0,1,,,,
ocsl,0.70,0,1,,,,
ocsll,0.95,0,1,,,,
ocsi,0.13,0,1,,,,
oasm,0.30,6,1,,,,
obln,0.63,6,0,,,,
obsv,0.20,6,1,,,,
obci,0.16,11,1,,,,
optt,0.33,3,1,,,,
orig,0.86,7,1,,,,
ocfc,0.99,0,0,,,,
ocrx,0.56,6,1,,,,
oclr,0.97,2,1,,,,
ofed,0.58,0,0,,,,
ocul,0.33,6,0,,,,
omex,0.48,1,0,,,,
odp,0.96,1,1,,,,
ofs,0.36,0,0,,,,
ohai,0.37,0,0,,,,
ovbc,0.77,0,1,,,,
ohrp,0.44,6,1,,,,
okta,0.98,2,0,,,,
odfl,0.61,9,1,,,,
olbk,0.55,0,1,,,,
onb,0.13,0,1,,,,
opof,0.16,0,1,,,,
osbc,0.38,0,0,,,,
osbcp,0.85,0,1,,,,
olli,0.93,1,1,,,,
zeus,0.20,5,0,,,,
oflx,0.11,4,1,,,,
omer,0.46,6,0,,,,
omnt,0.28,8,0,,,,
omcl,0.11,2,0,,,,
on,0.04,2,0,,,,
otiv,0.22,2,0,,,,
ons,0.53,6,0,,,,
onsiw,0.90,6,0,,,,
onsiz,0.55,6,1,,,,
omed,0.14,6,0,,,,
ontx,0.23,6,1,,,,
ontxw,0.34,6,1,,,,
oncs,0.60,6,0,,,,
ohgi,0.02,3,0,,,,
otex,0.94,2,0,,,,
opgn,0.23,6,1,,,,
opgnw,0.31,6,1,,,,
opht,0.35,6,0,,,,
opnt,0.22,5,0,,,,
opk,0.94,6,0,,,,
obas,0.14,0,1,,,,
occ,0.19,5,0,,,,
ophc,0.49,0,0,,,,
optn,0.12,6,1,,,,
opb,0.31,0,0,,,,
ormp,0.82,6,0,,,,
osur,0.88,6,0,,,,
orbc,0.10,1,1,,,,
orbk,0.54,4,1,,,,
orly,0.16,1,1,,,,
orex,0.43,6,0,,,,
onvo,0.57,6,0,,,,
seed,0.30,10,0,,,,
oacq,0.74,1,1,,,,
oacqr,0.33,1,0,,,,
oacqu,0.34,1,1,,,,
oacqw,0.65,1,0,,,,
oesx,0.46,11,1,,,,
orit,0.78,0,0,,,,
orrf,0.61,0,0,,,,
ofix,0.88,6,1,,,,
kids,0.40,6,1,,,,
osis,0.72,2,1,,,,
ospr,0.04,0,0,,,,
ospru,0.05,0,1,,,,
osprw,0.42,0,0,,,,
osn,0.91,5,0,,,,
otel,0.64,3,0,,,,
otic,0.64,6,0,,,,
ottw,0.12,0,1,,,,
ottr,0.61,3,0,,,,
ovas,0.75,6,1,,,,
ostk,0.79,1,1,,,,
ovid,0.39,6,1,,,,
oxbr,0.22,0,1,,,,
oxbrw,0.48,0,0,,,,
oxfd,0.56,6,0,,,,
oxlc,0.72,0,0,,,,
oxlcm,0.78,0,1,,,,
oxlco,0.34,0,1,,,,
pfin,0.74,2,0,,,,
ptsi,0.31,9,1,,,,
pcar,0.72,4,1,,,,
pacb,0.53,4,0,,,,
peix,0.62,5,0,,,,
pmbc,0.48,0,1,,,,
ppbi,0.60,0,0,,,,
pcrx,0.71,6,1,,,,
pacw,0.30,0,0,,,,
ptie,0.47,6,1,,,,
paas,0.84,5,1,,,,
panl,0.58,9,1,,,,
pzza,0.83,1,1,,,,
frsh,0.28,1,0,,,,
pbnc,0.13,0,0,,,,
prtk,0.78,6,0,,,,
pcyg,0.50,2,0,,,,
pkbk,0.55,0,0,,,,
prkr,0.34,2,1,,,,
pkoh,0.46,4,0,,,,
ptnr,0.69,3,1,,,,
pbhc,0.54,0,0,,,,
patk,0.39,5,1,,,,
pnbk,0.28,0,1,,,,
pati,0.98,9,0,,,,
pegi,0.42,3,0,,,,
pdco,0.13,6,0,,,,
pten,0.49,7,1,,,,
pavm,0.01,6,1,,,,
pavmw,0.88,6,1,,,,
payx,0.30,1,1,,,,
pcty,0.90,2,0,,,,
pyds,0.94,0,0,,,,
pypl,0.23,8,0,,,,
pbbi,0.92,0,0,,,,
cnxn,0.30,1,1,,,,
pcmi,0.05,1,1,,,,
pcsb,0.71,0,1,,,,
pcti,0.59,2,1,,,,
pdce,0.41,7,1,,,,
pdfs,0.48,2,1,,,,
pdli,0.58,6,0,,,,
pdlb,0.93,0,0,,,,
pdvw,0.68,3,0,,,,
skis,0.16,1,0,,,,
pgc,0.70,0,0,,,,
pega,0.82,2,1,,,,
pco,0.54,8,1,,,,
penn,0.28,1,0,,,,
pvac,0.31,7,0,,,,
pflt,0.29,0,1,,,,
pnnt,0.61,0,1,,,,
pwod,0.64,0,0,,,,
wrls,0.65,0,0,,,,
wrlsr,0.66,0,1,,,,
wrlsu,0.12,0,0,,,,
wrlsw,0.06,0,0,,,,
pebo,0.17,0,1,,,,
pebk,0.07,0,1,,,,
pfbx,0.29,0,1,,,,
pfis,0.37,0,0,,,,
pbct,0.22,0,0,,,,
pbctp,0.08,0,1,,,,
pub,0.34,0,0,,,,
prcp,0.32,4,0,,,,
pphm,0.71,6,1,,,,
pphmp,0.97,6,1,,,,
prft,0.98,2,0,,,,
pfmt,0.02,1,1,,,,
peri,0.26,2,1,,,,
pesi,0.06,5,1,,,,
ppih,0.17,4,0,,,,
ptx,0.55,6,1,,,,
pery,0.77,10,0,,,,
pglc,0.54,5,0,,,,
petq,0.29,6,1,,,,
pets,0.26,6,1,,,,
pfsw,0.34,8,0,,,,
pgti,0.55,4,0,,,,
pzrx,0.61,6,0,,,,
phii,0.69,9,1,,,,
phiik,0.49,9,0,,,,
pahc,0.23,6,1,,,,
plab,0.69,2,1,,,,
pico,0.88,0,1,,,,
pirs,0.61,6,0,,,,
ppc,0.49,10,0,,,,
pme,0.54,0,0,,,,
pnk,0.67,1,0,,,,
pnfp,0.83,0,1,,,,
ppsi,0.91,11,0,,,,
pxlw,0.79,2,1,,,,
plpm,0.41,8,0,,,,
plya,0.03,1,0,,,,
plxs,0.04,2,0,,,,
plug,0.17,7,1,,,,
plbc,0.17,0,1,,,,
psti,0.17,6,0,,,,
plxp,0.14,6,0,,,,
pbsk,0.95,0,0,,,,
pntr,0.83,2,0,,,,
pcom,0.26,8,0,,,,
pola,0.80,8,1,,,,
cool,0.15,2,1,,,,
pool,0.21,11,1,,,,
pope,0.06,10,0,,,,
bpop,0.88,0,1,,,,
bpopm,0.16,0,1,,,,
bpopn,0.05,0,1,,,,
pbib,0.35,0,1,,,,
ptla,0.62,6,0,,,,
pbpb,0.57,1,1,,,,
pch,0.48,1,0,,,,
powl,0.45,11,1,,,,
powi,0.98,2,1,,,,
plw,0.50,0,0,,,,
pkw,0.84,0,0,,,,
pfm,0.43,0,0,,,,
pyz,0.52,0,1,,,,
pez,0.84,0,0,,,,
psl,0.67,0,0,,,,
piz,0.18,0,0,,,,
pie,0.01,0,0,,,,
pxi,0.00,0,1,,,,
pfi,0.96,0,0,,,,
pth,0.77,0,1,,,,
prn,0.17,0,0,,,,
dwlv,0.72,0,1,,,,
pdp,0.24,0,1,,,,
dwaq,0.36,0,0,,,,
dwas,0.98,0,1,,,,
dwin,0.31,0,0,,,,
dwtr,0.24,0,0,,,,
ptf,0.11,0,0,,,,
pui,0.98,0,1,,,,
idlb,0.43,0,1,,,,
prfz,0.40,0,1,,,,
pagg,0.12,0,1,,,,
psau,0.02,0,0,,,,
pio,0.81,0,0,,,,
pgj,0.36,0,0,,,,
pey,0.69,0,0,,,,
ipkw,0.66,0,1,,,,
pid,0.67,0,0,,,,
kbwb,0.83,0,1,,,,
kbwd,0.14,0,1,,,,
kbwy,0.94,0,1,,,,
kbwp,0.81,0,0,,,,
kbwr,0.22,0,1,,,,
ldri,0.87,0,0,,,,
lalt,0.60,0,0,,,,
pnqi,0.48,0,1,,,,
pdbc,0.39,0,0,,,,
qqq,0.12,0,1,,,,
uslb,0.15,0,0,,,,
pscd,0.79,0,0,,,,
pscc,0.62,0,0,,,,
psce,0.50,0,1,,,,
pscf,0.26,0,0,,,,
psch,0.19,0,0,,,,
psci,0.09,0,1,,,,
psct,0.74,0,0,,,,
pscm,0.70,0,0,,,,
pscu,0.34,0,0,,,,
vrig,0.80,0,0,,,,
pho,0.63,0,1,,,,
praa,0.24,0,1,,,,
prah,0.37,6,1,,,,
pran,0.34,6,1,,,,
prpo,0.39,4,1,,,,
pfbc,0.98,0,0,,,,
plpc,0.42,5,1,,,,
pfbi,0.40,0,0,,,,
pinc,0.39,1,0,,,,
lens,0.39,6,1,,,,
psdo,0.52,2,1,,,,
prgx,0.22,1,0,,,,
psmt,0.69,1,1,,,,
pnrg,0.88,7,1,,,,
prmw,0.72,10,1,,,,
prim,0.95,5,1,,,,
pval,0.60,0,1,,,,
btec,0.01,0,1,,,,
pxus,0.29,0,0,,,,
geny,0.01,0,0,,,,
pset,0.07,0,0,,,,
py,0.23,0,0,,,,
pmom,0.03,0,0,,,,
usmc,0.68,0,1,,,,
psc,0.69,0,0,,,,
pdex,0.29,6,1,,,,
ipdn,0.22,2,0,,,,
pfie,0.74,7,0,,,,
pgnx,0.97,6,0,,,,
prgs,0.95,2,1,,,,
pfpt,0.28,2,1,,,,
prph,0.34,6,1,,,,
prqr,0.90,6,0,,,,
eqrr,0.10,0,0,,,,
bib,0.99,0,1,,,,
ubio,0.96,0,0,,,,
tqqq,0.55,0,0,,,,
zbio,0.05,0,1,,,,
sqqq,0.25,0,1,,,,
bis,0.78,0,0,,,,
psec,0.52,0,0,,,,
ptgx,0.49,6,0,,,,
prto,0.14,6,1,,,,
pti,0.52,6,0,,,,
prta,0.74,6,0,,,,
pvbc,0.70,0,1,,,,
prov,0.77,0,0,,,,
pbip,0.79,0,1,,,,
psdv,0.52,4,0,,,,
pmd,0.31,6,1,,,,
ptc,0.76,2,0,,,,
ptct,0.04,6,0,,,,
pulm,0.85,6,0,,,,
plse,0.52,6,0,,,,
pbyi,0.76,6,1,,,,
pcyo,0.36,3,1,,,,
pxs,0.97,9,1,,,,
qada,0.41,2,1,,,,
qadb,0.77,2,1,,,,
qcrh,0.12,0,0,,,,
qgen,0.15,6,1,,,,
qiwi,0.95,8,1,,,,
qrvo,0.02,2,0,,,,
qcom,0.61,2,0,,,,
qsii,0.42,2,0,,,,
qbak,0.93,2,0,,,,
qlys,0.38,2,1,,,,
qtna,0.78,2,1,,,,
qtrh,0.30,8,0,,,,
qrhc,0.17,2,1,,,,
quik,0.37,2,0,,,,
qdel,0.71,6,1,,,,
qnst,0.24,8,1,,,,
qumu,0.99,2,1,,,,
qtnt,0.41,6,1,,,,
rrd,0.07,8,0,,,,
rcm,0.56,1,1,,,,
rarx,0.43,6,0,,,,
rada,0.33,10,1,,,,
rdcm,0.72,2,1,,,,
rsys,0.23,2,0,,,,
rdus,0.31,6,0,,,,
rdnt,0.80,6,1,,,,
rdwr,0.82,8,1,,,,
metc,0.30,7,1,,,,
rmbs,1.00,2,0,,,,
rand,0.52,10,1,,,,
rlog,0.62,1,1,,,,
gold,0.53,5,0,,,,
rndb,0.61,0,0,,,,
rpd,0.43,2,0,,,,
rave,0.07,10,1,,,,
ravn,0.73,4,0,,,,
rbb,0.91,0,0,,,,
roll,0.36,4,0,,,,
rick,0.81,1,1,,,,
rcmt,0.77,2,1,,,,
rdi,0.78,1,1,,,,
rdib,0.27,1,0,,,,
rgse,0.75,5,0,,,,
rnwk,0.40,2,1,,,,
rp,0.73,2,0,,,,
reta,0.69,6,1,,,,
rcon,0.88,7,1,,,,
reph,0.12,6,0,,,,
rrgb,0.00,1,1,,,,
rrr,0.76,1,0,,,,
rdfn,0.24,0,1,,,,
rdhl,0.39,6,1,,,,
regn,0.62,6,0,,,,
rgnx,0.12,6,1,,,,
rgls,0.60,6,1,,,,
reis,0.14,8,1,,,,
relv,0.95,6,1,,,,
mark,0.26,1,0,,,,
rnst,0.40,0,0,,,,
regi,0.20,5,0,,,,
abac,0.99,10,1,,,,
rcii,0.56,2,1,,,,
rgen,0.13,6,1,,,,
rprx,0.06,6,1,,,,
rbcaa,0.89,0,1,,,,
frbk,0.47,0,1,,,,
refr,0.20,8,0,,,,
rsls,0.67,6,1,,,,
resn,0.14,2,1,,,,
recn,0.08,8,1,,,,
hair,0.81,6,0,,,,
roic,0.66,1,0,,,,
reto,0.17,0,1,,,,
rtrx,0.10,6,0,,,,
rvnc,0.70,6,0,,,,
rven,0.31,1,0,,,,
rvlt,0.99,11,0,,,,
rwlk,0.88,6,1,,,,
rexx,0.49,7,0,,,,
rfil,0.13,4,0,,,,
rgco,0.87,3,0,,,,
rytm,0.92,6,1,,,,
rbbn,0.46,0,1,,,,
ribt,0.99,10,1,,,,
ribtw,0.06,10,0,,,,
rell,0.50,10,1,,,,
rigl,0.44,6,1,,,,
rnet,0.31,1,0,,,,
rmni,0.13,11,0,,,,
riot,0.91,6,1,,,,
redu,0.98,1,1,,,,
rttr,0.18,6,1,,,,
rvsb,0.40,0,1,,,,
rlje,0.56,1,0,,,,
rmgn,0.67,8,1,,,,
robo,0.78,0,0,,,,
rmti,0.29,6,0,,,,
rcky,0.67,10,0,,,,
rmcf,0.65,10,1,,,,
roku,0.76,1,0,,,,
rose,0.22,7,1,,,,
roseu,0.27,7,1,,,,
rosew,0.97,7,1,,,,
rosg,0.38,6,0,,,,
rost,0.58,1,0,,,,
rbpaa,0.83,0,1,,,,
rgld,0.71,5,1,,,,
rpxc,0.86,8,1,,,,
rtix,0.26,6,1,,,,
rbcn,0.65,2,1,,,,
rmbl,0.04,2,1,,,,
rusha,0.98,11,0,,,,
rushb,0.58,11,1,,,,
ruth,0.95,1,0,,,,
rxii,0.18,6,0,,,,
rxiiw,0.05,6,0,,,,
ryaay,0.47,9,0,,,,
stba,0.30,0,1,,,,
sanw,0.85,10,0,,,,
scac,0.35,0,0,,,,
scacu,0.16,0,0,,,,
scacw,0.62,0,1,,,,
sbra,0.10,1,1,,,,
sbrap,0.83,1,1,,,,
sabr,0.26,2,0,,,,
saex,0.00,7,1,,,,
saft,0.02,0,1,,,,
sage,0.55,6,0,,,,
saia,0.19,9,1,,,,
salm,0.45,1,0,,,,
sal,0.27,0,1,,,,
safm,0.44,10,1,,,,
sasr,0.80,0,1,,,,
sgmo,0.84,6,0,,,,
sanm,0.23,2,1,,,,
gcvrz,0.49,6,1,,,,
spns,0.65,2,0,,,,
srpt,0.47,6,1,,,,
svra,0.94,6,0,,,,
sbfg,0.79,0,1,,,,
sbfgp,0.01,0,1,,,,
sbac,0.71,1,0,,,,
scsc,0.85,2,0,,,,
smit,0.99,4,1,,,,
schn,0.78,11,0,,,,
schl,0.75,1,1,,,,
sgms,0.02,2,0,,,,
scph,0.35,6,0,,,,
sni,0.70,1,1,,,,
scyx,0.75,6,0,,,,
seac,0.00,2,0,,,,
sbcf,0.13,0,0,,,,
stx,0.57,2,1,,,,
ship,0.73,9,0,,,,
shipw,0.00,9,1,,,,
shld,0.38,1,0,,,,
shldw,0.16,1,1,,,,
shos,0.96,1,1,,,,
spne,0.62,6,1,,,,
sgen,0.08,6,0,,,,
eyes,0.45,6,0,,,,
eyesw,0.03,6,1,,,,
seco,0.10,1,0,,,,
scwx,0.72,2,1,,,,
snfca,0.45,0,1,,,,
seic,0.20,0,1,,,,
slct,0.11,0,0,,,,
sir,0.41,1,0,,,,
selb,0.73,6,0,,,,
sigi,0.50,0,1,,,,
leds,0.39,2,1,,,,
smtc,0.72,2,1,,,,
senea,0.96,10,1,,,,
seneb,0.26,10,1,,,,
snes,0.49,5,0,,,,
snh,0.85,1,0,,,,
snhni,0.45,1,0,,,,
snhnl,0.96,1,0,,,,
snmx,0.79,6,1,,,,
srts,0.61,6,1,,,,
srtsw,0.97,6,0,,,,
stnlu,0.32,0,1,,,,
sqbg,0.58,10,1,,,,
mcrb,0.31,6,0,,,,
srev,0.99,8,1,,,,
sfbs,0.38,0,0,,,,
ssc,0.78,1,1,,,,
svbi,0.31,0,1,,,,
sgbx,0.37,1,1,,,,
sgoc,1.00,2,0,,,,
smed,0.88,5,1,,,,
shsp,0.46,2,0,,,,
shen,0.73,3,1,,,,
pixy,0.08,2,0,,,,
shlo,0.93,4,0,,,,
tyht,0.59,10,1,,,,
shpg,0.44,6,1,,,,
scvl,0.19,1,1,,,,
shbi,0.59,0,0,,,,
ssti,0.04,2,0,,,,
sfly,0.33,8,1,,,,
sifi,0.16,0,1,,,,
sieb,0.59,0,0,,,,
snna,0.31,6,1,,,,
sien,0.71,6,0,,,,
bsrr,0.57,0,0,,,,
srra,0.95,6,1,,,,
swir,0.92,2,1,,,,
sify,0.04,2,1,,,,
sigm,0.53,2,0,,,,
sglb,0.76,11,0,,,,
sglbw,0.27,11,0,,,,
sgma,0.67,2,1,,,,
sbny,0.77,0,0,,,,
sbnyw,0.31,0,0,,,,
slgn,0.18,11,0,,,,
silc,0.89,2,1,,,,
slab,0.12,2,0,,,,
simo,0.46,2,0,,,,
spil,1.00,2,1,,,,
srun,0.19,0,0,,,,
srunu,0.14,0,1,,,,
srunw,0.83,0,0,,,,
samg,0.65,0,1,,,,
ssnt,0.33,8,1,,,,
sfnc,0.13,0,0,,,,
slp,0.57,2,0,,,,
sina,0.76,2,0,,,,
sbgi,0.01,1,0,,,,
sino,0.69,9,1,,,,
sva,0.88,6,1,,,,
siri,0.31,1,0,,,,
sito,0.64,8,1,,,,
skys,0.39,3,0,,,,
skln,0.50,6,1,,,,
skyw,0.54,9,0,,,,
swks,0.91,2,0,,,,
snbr,0.78,11,1,,,,
slm,0.61,0,1,,,,
slmbp,0.58,0,1,,,,
rnsc,0.10,0,0,,,,
sgh,0.00,2,0,,,,
snd,0.59,5,1,,,,
smbk,0.03,0,1,,,,
smsi,0.29,2,0,,,,
smtx,0.17,2,1,,,,
lnce,0.97,10,1,,,,
srax,0.38,2,0,,,,
sckt,0.05,2,1,,,,
soda,0.26,11,1,,,,
sohu,0.74,2,0,,,,
slrc,0.65,0,0,,,,
suns,0.50,0,0,,,,
sedg,0.92,2,1,,,,
slno,0.93,6,0,,,,
slnow,0.50,6,1,,,,
sngx,0.40,6,0,,,,
sngxw,0.22,6,1,,,,
sonc,0.43,1,0,,,,
sofo,0.53,2,0,,,,
snoa,0.93,6,1,,,,
snoaw,0.32,6,0,,,,
sphs,0.77,0,1,,,,
sorl,0.78,4,0,,,,
roka,0.34,4,1,,,,
srne,0.00,6,1,,,,
soho,0.86,1,0,,,,
sohob,0.51,1,1,,,,
sohoo,0.88,1,0,,,,
sfbc,0.27,0,0,,,,
ssb,0.94,0,0,,,,
sfst,0.37,0,0,,,,
smbc,0.17,0,1,,,,
sona,0.73,0,1,,,,
sbsi,0.83,0,0,,,,
sp,0.89,1,1,,,,
sgrp,0.62,8,0,,,,
spke,0.72,3,1,,,,
spkep,0.87,3,0,,,,
once,0.10,6,1,,,,
spar,0.88,4,0,,,,
sptn,0.50,10,1,,,,
dwfi,0.66,0,1,,,,
sppi,0.72,6,0,,,,
spro,0.40,6,1,,,,
any,0.22,2,0,,,,
spex,0.16,8,1,,,,
spi,0.06,2,1,,,,
save,0.82,9,0,,,,
splk,0.22,2,1,,,,
spok,0.38,3,1,,,,
spwh,0.46,1,0,,,,
sbph,0.37,6,0,,,,
fund,0.62,1,0,,,,
sfm,0.89,1,1,,,,
spsc,0.99,2,0,,,,
ssnc,0.43,2,1,,,,
ssrm,0.38,5,0,,,,
staa,0.96,6,1,,,,
staf,0.89,2,1,,,,
stmp,0.78,8,0,,,,
stly,0.88,11,0,,,,
sblk,0.63,9,1,,,,
sblkl,0.80,9,0,,,,
sblkz,0.54,9,1,,,,
sbux,0.88,1,1,,,,
stfc,0.59,0,0,,,,
stbz,0.91,0,1,,,,
stdy,0.54,6,0,,,,
gass,0.21,9,0,,,,
stld,0.80,5,1,,,,
smrt,0.04,1,0,,,,
stlr,0.41,0,1,,,,
stlru,0.56,0,1,,,,
stlrw,0.39,0,1,,,,
sbot,0.60,6,0,,,,
stml,0.98,6,0,,,,
srcl,0.16,5,0,,,,
srclp,0.64,5,1,,,,
sbt,0.07,0,1,,,,
strl,0.67,5,0,,,,
shoo,0.89,10,1,,,,
ssfn,0.68,0,0,,,,
sfix,0.51,1,1,,,,
sybt,0.78,0,1,,,,
banx,0.22,0,0,,,,
sskn,0.46,6,0,,,,
ssys,0.01,2,1,,,,
strt,0.50,4,0,,,,
strs,0.51,1,0,,,,
stra,0.46,1,1,,,,
strm,0.27,2,1,,,,
sbbp,0.60,6,0,,,,
stb,0.89,9,0,,,,
scmp,0.99,6,0,,,,
sumr,0.25,11,1,,,,
smmf,0.74,0,1,,,,
ssbi,0.97,0,0,,,,
smmt,0.15,6,1,,,,
snbc,0.35,0,1,,,,
snhy,0.19,4,0,,,,
snde,0.77,7,1,,,,
snss,0.41,6,0,,,,
stkl,0.21,1,1,,,,
spwr,0.55,2,0,,,,
run,0.39,4,0,,,,
sbcp,0.65,0,1,,,,
sunw,0.25,3,1,,,,
smci,0.54,2,0,,,,
spcb,0.18,2,0,,,,
scon,0.78,2,0,,,,
sgc,0.31,10,1,,,,
supn,0.88,6,0,,,,
sprt,0.94,2,1,,,,
sgry,0.11,6,0,,,,
srdx,0.48,6,0,,,,
sbbx,0.97,0,1,,,,
sivb,0.65,0,0,,,,
sivbo,0.76,0,1,,,,
syke,0.54,2,0,,,,
symc,0.17,2,1,,,,
sync,0.08,2,1,,,,
synl,0.89,5,0,,,,
syna,0.76,2,1,,,,
sncr,0.86,2,1,,,,
sndx,0.44,6,1,,,,
sgyp,0.51,6,0,,,,
sybx,0.60,0,1,,,,
snps,0.63,2,0,,,,
synt,0.31,2,1,,,,
symx,0.66,5,1,,,,
sypr,0.19,4,0,,,,
syrs,0.80,6,1,,,,
trow,0.36,0,1,,,,
ttoo,0.63,6,0,,,,
trhc,0.09,8,0,,,,
tcmd,0.38,6,0,,,,
tait,0.85,10,0,,,,
ttwo,0.82,2,1,,,,
tlnd,0.69,2,0,,,,
tndm,0.78,6,0,,,,
tlf,0.73,10,0,,,,
tanh,0.99,5,0,,,,
tpiv,0.42,6,1,,,,
tedu,0.34,1,0,,,,
tatt,0.37,4,0,,,,
tayd,0.78,4,0,,,,
cgbd,0.07,0,0,,,,
tcpc,0.65,0,1,,,,
amtd,0.37,0,0,,,,
petz,0.23,10,0,,,,
tecd,0.81,2,0,,,,
tcco,0.41,2,1,,,,
ttgt,0.10,8,1,,,,
tgls,0.72,11,0,,,,
tgen,0.52,4,0,,,,
tnav,0.96,4,1,,,,
ttec,0.65,2,0,,,,
tlgt,0.93,6,0,,,,
tell,0.52,7,0,,,,
tenx,0.20,6,1,,,,
glbl,0.35,3,0,,,,
terp,0.16,3,1,,,,
tbnk,0.17,0,0,,,,
tsro,0.67,6,1,,,,
teso,0.23,7,0,,,,
tsla,0.20,4,1,,,,
tess,0.56,10,0,,,,
ttek,0.03,1,1,,,,
ttph,0.63,6,0,,,,
tcbi,0.92,0,0,,,,
tcbil,0.80,0,1,,,,
tcbip,0.38,0,0,,,,
tcbiw,0.86,0,1,,,,
txn,0.58,2,0,,,,
txrh,0.42,1,0,,,,
tfsl,0.57,0,1,,,,
tgtx,0.44,6,1,,,,
ande,0.73,1,0,,,,
tbbk,0.16,0,1,,,,
bprn,0.64,0,1,,,,
cg,0.11,0,1,,,,
tcgp,0.71,0,1,,,,
cake,0.10,1,0,,,,
chef,0.68,10,0,,,,
tcfc,0.69,0,1,,,,
dsgx,0.96,2,1,,,,
dxyn,0.56,11,0,,,,
ensg,0.17,6,0,,,,
xone,0.22,4,1,,,,
finl,0.28,1,0,,,,
fbms,0.90,0,0,,,,
flic,0.31,0,1,,,,
gt,0.22,11,0,,,,
habt,0.88,1,0,,,,
hckt,0.01,1,0,,,,
hain,0.18,10,1,,,,
cuba,0.65,0,1,,,,
intg,0.32,1,1,,,,
jynt,0.92,8,1,,,,
keyw,0.57,2,1,,,,
khc,0.42,10,0,,,,
old,0.00,0,1,,,,
msg,0.24,1,1,,,,
mdco,0.88,6,0,,,,
meet,0.42,1,1,,,,
mik,0.62,1,0,,,,
midd,0.30,2,0,,,,
navg,0.84,0,0,,,,
slim,0.85,0,0,,,,
stks,0.23,1,1,,,,
org,0.46,0,1,,,,
pcln,0.74,8,0,,,,
prsc,0.87,1,1,,,,
rmr,0.53,1,1,,,,
smpl,0.21,10,0,,,,
smplw,0.21,10,1,,,,
tsg,0.71,2,0,,,,
ttd,0.28,2,0,,,,
ulti,0.04,2,0,,,,
yorw,0.77,3,1,,,,
ncty,0.46,8,1,,,,
txmd,0.98,6,0,,,,
trpx,0.13,6,0,,,,
tbph,0.19,6,0,,,,
tst,0.44,1,0,,,,
tcrd,0.44,0,1,,,,
ticc,0.18,0,1,,,,
ticcl,0.86,0,1,,,,
tig,0.21,6,0,,,,
tts,0.07,1,0,,,,
til,0.94,0,0,,,,
tsbk,0.59,0,0,,,,
tntr,0.17,2,0,,,,
tipt,0.10,0,1,,,,
titn,0.51,1,1,,,,
ttnp,0.05,6,0,,,,
tvty,0.34,6,0,,,,
tivo,0.78,8,0,,,,
tmus,0.90,3,1,,,,
tmusp,0.90,3,1,,,,
toca,0.94,6,1,,,,
tnxp,0.93,6,1,,,,
tisa,0.45,2,0,,,,
tops,0.38,9,1,,,,
torm          ,0.31,5,1,,,,
trch,0.60,7,1,,,,
tsem,0.66,2,1,,,,
club,0.63,1,0,,,,
town,0.51,0,1,,,,
tpic,0.36,7,1,,,,
tcon,0.24,6,1,,,,
tsco,0.50,1,0,,,,
twmc,0.89,1,1,,,,
tact,0.14,2,1,,,,
trns,0.75,4,0,,,,
tga,0.57,7,0,,,,
ta,0.78,11,1,,,,
tanni,0.18,11,1,,,,
tannl,0.35,11,1,,,,
tannz,0.46,11,1,,,,
tzoo,0.54,2,1,,,,
trmt,0.18,0,0,,,,
trvn,0.87,6,0,,,,
tcbk,0.18,0,1,,,,
tril,0.78,6,1,,,,
trs,0.48,4,1,,,,
trmb,0.14,4,0,,,,
trib,0.46,6,1,,,,
trip,0.15,2,0,,,,
tsc,0.89,0,0,,,,
tbk,0.44,0,0,,,,
trvg,0.81,2,1,,,,
trnc,0.55,1,0,,,,
trov,0.94,6,1,,,,
true,0.40,2,1,,,,
thst,0.73,10,1,,,,
trup,0.42,6,1,,,,
trst,0.12,0,1,,,,
trmk,0.23,0,0,,,,
tsri,0.62,2,0,,,,
ttmi,0.79,2,0,,,,
tcx,0.76,2,1,,,,
tues,0.61,1,0,,,,
tour,0.09,1,1,,,,
hear,0.34,11,1,,,,
fox,0.82,1,0,,,,
foxa,0.38,1,1,,,,
twin,0.13,2,1,,,,
trcb,0.91,0,0,,,,
tyme,0.08,6,1,,,,
uscr,0.64,4,0,,,,
prts,0.21,1,0,,,,
useg,0.75,7,0,,,,
grow,0.82,0,0,,,,
usau,0.21,0,0,,,,
ubnt,0.25,2,0,,,,
ufpt,0.81,4,1,,,,
ulta,0.37,1,0,,,,
uctt,0.13,2,1,,,,
upl,0.59,7,1,,,,
rare,0.13,6,1,,,,
ulbi,0.77,8,1,,,,
umbf,0.39,0,0,,,,
umpq,0.98,0,1,,,,
unam,0.89,0,1,,,,
ubsh,0.67,0,0,,,,
unb,0.73,0,1,,,,
qure,0.87,6,1,,,,
ubcp,0.43,0,1,,,,
uboh,0.44,0,0,,,,
ubsi,0.78,0,0,,,,
ucba,0.66,0,0,,,,
ucbi,0.64,0,0,,,,
ucfc,0.85,0,0,,,,
ubnk,0.51,0,1,,,,
ufcs,0.04,0,1,,,,
uihc,0.68,0,0,,,,
unfi,0.31,10,0,,,,
ubfo,0.62,0,0,,,,
uslm,0.43,5,0,,,,
uthr,0.96,6,1,,,,
ug,0.44,10,1,,,,
unit,0.01,1,0,,,,
unty,0.69,0,0,,,,
oled,0.73,4,1,,,,
ueic,0.75,10,0,,,,
ufpi,0.54,5,0,,,,
ulh,0.40,9,0,,,,
usap,0.15,5,1,,,,
uvsp,0.98,0,0,,,,
upld,0.47,2,0,,,,
uone,0.29,1,1,,,,
uonek,0.28,1,1,,,,
urbn,0.68,1,0,,,,
urgn,0.13,6,1,,,,
ecol,0.62,3,0,,,,
rndv,0.84,0,1,,,,
usat,0.70,8,1,,,,
usatp,0.71,8,1,,,,
usak,0.12,9,1,,,,
utmd,0.34,6,0,,,,
utsi,0.04,11,1,,,,
vlrx,0.26,6,1,,,,
valx,0.61,0,0,,,,
valu,0.15,0,0,,,,
vnda,0.24,6,1,,,,
bbh,0.44,0,0,,,,
gnrx,0.96,0,0,,,,
pph,0.45,0,0,,,,
vwob,0.72,0,1,,,,
vnqi,0.19,0,1,,,,
vgit,0.58,0,0,,,,
vcit,0.81,0,1,,,,
vigi,0.90,0,0,,,,
vymi,0.13,0,1,,,,
vclt,0.63,0,1,,,,
vglt,0.81,0,1,,,,
vmbs,0.22,0,0,,,,
vone,0.24,0,1,,,,
vong,0.33,0,0,,,,
vonv,0.42,0,0,,,,
vtwo,0.01,0,0,,,,
vtwg,0.47,0,0,,,,
vtwv,0.64,0,1,,,,
vthr,0.90,0,1,,,,
vcsh,0.24,0,1,,,,
vgsh,0.16,0,0,,,,
vtip,0.13,0,1,,,,
vtc,0.08,0,1,,,,
bndx,0.87,0,1,,,,
vxus,0.67,0,1,,,,
veac,0.52,0,1,,,,
veacu,0.92,0,0,,,,
veacw,0.47,0,1,,,,
vrex,0.35,4,1,,,,
vrns,0.08,2,0,,,,
vdsi,0.59,2,0,,,,
vblt,0.23,6,1,,,,
vbiv,0.28,6,1,,,,
veco,0.13,2,1,,,,
dgld,0.80,0,0,,,,
dslv,0.36,0,1,,,,
ugld,0.95,0,0,,,,
uslv,0.09,0,1,,,,
tviz,0.43,0,1,,,,
tvix,0.05,0,1,,,,
ziv,0.65,0,0,,,,
xiv,0.13,0,0,,,,
viiz,0.43,0,0,,,,
viix,0.42,0,1,,,,
veon,0.29,3,1,,,,
vra,0.83,10,1,,,,
vcyt,0.58,6,0,,,,
vstm,0.40,6,1,,,,
vcel,0.33,6,0,,,,
vrnt,0.53,2,0,,,,
vrsn,0.14,2,1,,,,
vrsk,0.69,2,1,,,,
vbtx,0.98,0,1,,,,
veri,0.47,2,1,,,,
vrml,0.83,6,0,,,,
vrna,0.37,6,1,,,,
vsar,0.62,6,1,,,,
vtnr,0.12,7,0,,,,
vrtx,0.70,6,0,,,,
veru,0.42,5,0,,,,
via,0.07,1,1,,,,
viab,1.00,1,0,,,,
vsat,0.84,2,1,,,,
viav,0.15,2,0,,,,
vicl,0.21,6,0,,,,
vicr,0.85,4,0,,,,
ciz,0.13,0,0,,,,
vsda,0.39,0,1,,,,
cey,0.32,0,1,,,,
cez,0.63,0,0,,,,
cid,0.34,0,0,,,,
cil,0.21,0,1,,,,
cfo,0.93,0,0,,,,
cfa,0.25,0,0,,,,
csf,0.27,0,1,,,,
cdc,0.41,0,1,,,,
cdl,0.34,0,0,,,,
vsmv,0.48,0,1,,,,
csb,0.12,0,1,,,,
csa,0.25,0,0,,,,
vbnd,0.92,0,1,,,,
vuse,0.04,0,1,,,,
vidi,0.70,0,0,,,,
vdth,0.83,1,1,,,,
vray,0.70,6,1,,,,
vktx,0.72,6,1,,,,
vktxw,0.19,6,0,,,,
vbfc,0.18,0,1,,,,
vlgea,0.89,1,1,,,,
vnom,0.61,7,1,,,,
virc,0.70,11,0,,,,
virt,0.06,0,1,,,,
vrts,0.27,0,1,,,,
vrtsp,0.90,0,0,,,,
bbc,0.11,0,1,,,,
bbp,0.38,0,1,,,,
vrtu,0.32,2,0,,,,
vtgn,0.34,6,0,,,,
vtl,0.01,6,0,,,,
vive,0.30,6,0,,,,
vvpr,0.15,3,1,,,,
vvus,0.91,6,1,,,,
vod,0.67,3,1,,,,
voxx,0.66,10,1,,,,
vygr,0.97,6,1,,,,
vsec,0.28,1,0,,,,
vtvt,0.44,6,1,,,,
vuzi,0.76,2,0,,,,
wba,0.01,6,1,,,,
wafd,0.24,0,0,,,,
wafdw,0.46,0,1,,,,
wash,0.46,0,0,,,,
wfbi,0.60,0,1,,,,
wsbf,0.81,0,1,,,,
wve,0.30,6,1,,,,
wstg,0.91,2,0,,,,
wcfb,0.59,0,0,,,,
wdfc,0.70,5,0,,,,
flag,0.34,0,0,,,,
web,0.91,2,0,,,,
wb,0.18,2,0,,,,
webk,0.75,0,1,,,,
wen,0.46,1,0,,,,
wern,0.43,9,1,,,,
wsbc,0.80,0,1,,,,
wtba,0.22,0,1,,,,
wabc,0.24,0,1,,,,
wstl,0.97,3,0,,,,
wdc,0.72,2,1,,,,
wneb,0.20,0,0,,,,
wlb,0.99,7,1,,,,
wprt,0.16,7,0,,,,
wwr,0.66,5,0,,,,
weys,0.67,10,0,,,,
whlr,0.46,1,1,,,,
whlrd,0.03,1,1,,,,
whlrp,0.95,1,0,,,,
whlrw,0.92,1,1,,,,
whf,0.46,0,0,,,,
whfbl,0.43,0,1,,,,
whlm,0.53,1,1,,,,
wvvi,0.07,10,1,,,,
wvvip,0.67,10,1,,,,
wldn,0.63,1,1,,,,
wlfc,0.67,11,1,,,,
wltw,0.13,0,1,,,,
wsc,0.26,0,0,,,,
wscww,0.70,0,1,,,,
win,0.99,3,1,,,,
wing,0.54,1,0,,,,
wina,0.86,1,1,,,,
wins,0.55,0,0,,,,
wtfc,0.74,0,1,,,,
wtfcm,0.39,0,0,,,,
wtfcw,0.71,0,0,,,,
agzd,0.47,0,1,,,,
agnd,0.05,0,0,,,,
cxse,0.54,0,0,,,,
emcg,0.81,0,1,,,,
emcb,0.80,0,0,,,,
dgre,0.07,0,1,,,,
dxge,0.95,0,0,,,,
hyzd,0.38,0,1,,,,
wetf,0.68,0,1,,,,
dxjs,0.37,0,0,,,,
gulf,0.46,0,1,,,,
hynd,0.27,0,0,,,,
dgrw,0.70,0,0,,,,
dgrs,0.37,0,1,,,,
dxps,0.05,0,1,,,,
wix,0.11,2,1,,,,
wmih,0.60,0,1,,,,
wwd,0.38,7,1,,,,
wday,0.01,2,1,,,,
wkhs,0.68,4,0,,,,
wrld,0.48,0,1,,,,
wpcs,0.51,1,0,,,,
wmgi,0.70,6,1,,,,
wmgiz,0.67,6,0,,,,
wsfs,0.98,0,1,,,,
wsci,0.84,2,0,,,,
wvfc,0.51,0,0,,,,
wynn,0.90,1,1,,,,
xbit,0.13,6,0,,,,
xelb,0.72,8,1,,,,
xcra,0.10,4,0,,,,
xncr,0.82,6,0,,,,
xbio,0.57,6,0,,,,
xbks,0.43,0,1,,,,
xene,0.84,6,1,,,,
xgti,0.84,11,1,,,,
xgtiw,0.58,11,0,,,,
xlnx,0.90,2,0,,,,
gldi,0.90,0,1,,,,
slvo,0.48,0,0,,,,
xoma,0.95,6,0,,,,
xper,0.36,2,0,,,,
xplr,0.85,2,1,,,,
xtlb,0.65,6,0,,,,
xnet,0.44,2,0,,,,
yndx,0.39,2,0,,,,
yerr,0.15,0,1,,,,
ytra,0.59,1,1,,,,
yten,0.58,5,0,,,,
yin,0.43,0,1,,,,
yoga,0.48,1,1,,,,
ygyi,0.56,1,1,,,,
yrcw,0.79,9,0,,,,
yeco,0.65,4,0,,,,
yy,0.61,2,0,,,,
zfgn,0.91,6,1,,,,
zagg,0.20,1,0,,,,
zlab,0.22,6,1,,,,
zais,0.16,0,1,,,,
zeal,0.58,6,0,,,,
zbra,0.46,2,0,,,,
z,0.98,8,1,,,,
zg,0.89,8,1,,,,
zn,0.45,7,0,,,,
znwaa,0.48,7,1,,,,
zion,0.66,0,0,,,,
zionw,0.51,0,1,,,,
zionz,0.99,0,0,,,,
ziop,0.31,6,0,,,,
zixi,0.41,2,1,,,,
zkin,0.54,4,1,,,,
zgnx,0.31,6,1,,,,
zsan,0.67,6,1,,,,
zumz,0.54,1,0,,,,
zyne,0.54,6,0,,,,
znga,0.80,2,0,,,,
,,,,,,,
,,,,,,,
